<application>
  <component name="DimensionService">
    <size key="GridCell.Tab.0.left.0.0.1921.1081@110dpi" width="1285" height="254" />
    <size key="GridCell.Tab.0.center.0.0.1921.1081@110dpi" width="1285" height="254" />
    <size key="GridCell.Tab.0.right.0.0.1921.1081@110dpi" width="1285" height="254" />
    <size key="GridCell.Tab.0.bottom.0.0.1921.1081@110dpi" width="1285" height="254" />
    <size key="GridCell.Tab.0.left.0.0.1920.1080" width="1540" height="383" />
    <size key="GridCell.Tab.0.center.0.0.1920.1080" width="1540" height="383" />
    <size key="GridCell.Tab.0.right.0.0.1920.1080" width="1540" height="383" />
    <size key="GridCell.Tab.0.bottom.0.0.1920.1080" width="1540" height="383" />
    <size key="GridCell.Tab.0.left.-2880.0.1920.1200@144dpi" width="1446" height="366" />
    <size key="GridCell.Tab.0.center.-2880.0.1920.1200@144dpi" width="1446" height="366" />
    <size key="GridCell.Tab.0.right.-2880.0.1920.1200@144dpi" width="1446" height="366" />
    <size key="GridCell.Tab.0.bottom.-2880.0.1920.1200@144dpi" width="1446" height="366" />
    <size key="GridCell.Tab.0.left.1920.0.1920.1080" width="1540" height="482" />
    <size key="GridCell.Tab.0.center.1920.0.1920.1080" width="1540" height="482" />
    <size key="GridCell.Tab.0.right.1920.0.1920.1080" width="1540" height="482" />
    <size key="GridCell.Tab.0.bottom.1920.0.1920.1080" width="1540" height="482" />
    <size key="GridCell.Tab.1.left.1920.0.1920.1080" width="1540" height="482" />
    <size key="GridCell.Tab.1.center.1920.0.1920.1080" width="1540" height="482" />
    <size key="GridCell.Tab.1.right.1920.0.1920.1080" width="1540" height="482" />
    <size key="GridCell.Tab.1.bottom.1920.0.1920.1080" width="1540" height="482" />
    <size key="GridCell.Tab.3.left.0.0.1920.1080" width="1540" height="383" />
    <size key="GridCell.Tab.3.center.0.0.1920.1080" width="1540" height="383" />
    <size key="GridCell.Tab.3.right.0.0.1920.1080" width="1540" height="383" />
    <size key="GridCell.Tab.3.bottom.0.0.1920.1080" width="1540" height="383" />
    <size key="GridCell.Tab.5.left.1920.0.1920.1080" width="1540" height="482" />
    <size key="GridCell.Tab.5.center.1920.0.1920.1080" width="1540" height="482" />
    <size key="GridCell.Tab.5.right.1920.0.1920.1080" width="1540" height="482" />
    <size key="GridCell.Tab.5.bottom.1920.0.1920.1080" width="1540" height="482" />
    <size key="GridCell.Tab.6.left.1920.0.1920.1080" width="1540" height="482" />
    <size key="GridCell.Tab.6.center.1920.0.1920.1080" width="1540" height="482" />
    <size key="GridCell.Tab.6.right.1920.0.1920.1080" width="1540" height="482" />
    <size key="GridCell.Tab.6.bottom.1920.0.1920.1080" width="1540" height="482" />
    <size key="GridCell.Tab.7.left.1920.0.1920.1080" width="1540" height="482" />
    <size key="GridCell.Tab.7.center.1920.0.1920.1080" width="1540" height="482" />
    <size key="GridCell.Tab.7.right.1920.0.1920.1080" width="1540" height="482" />
    <size key="GridCell.Tab.7.bottom.1920.0.1920.1080" width="1540" height="482" />
    <size key="GridCell.Tab.8.left.1920.0.1920.1080" width="1540" height="482" />
    <size key="GridCell.Tab.8.center.1920.0.1920.1080" width="1540" height="482" />
    <size key="GridCell.Tab.8.right.1920.0.1920.1080" width="1540" height="482" />
    <size key="GridCell.Tab.8.bottom.1920.0.1920.1080" width="1540" height="482" />
    <size key="GridCell.Tab.9.left.1920.0.1920.1080" width="1540" height="482" />
    <size key="GridCell.Tab.9.center.1920.0.1920.1080" width="1540" height="482" />
    <size key="GridCell.Tab.9.right.1920.0.1920.1080" width="1540" height="482" />
    <size key="GridCell.Tab.9.bottom.1920.0.1920.1080" width="1540" height="482" />
    <size key="GridCell.Tab.10.left.1920.0.1920.1080" width="1540" height="482" />
    <size key="GridCell.Tab.10.center.1920.0.1920.1080" width="1540" height="482" />
    <size key="GridCell.Tab.10.right.1920.0.1920.1080" width="1540" height="482" />
    <size key="GridCell.Tab.10.bottom.1920.0.1920.1080" width="1540" height="482" />
    <size key="GridCell.Tab.11.left.1920.0.1920.1080" width="1540" height="482" />
    <size key="GridCell.Tab.11.center.1920.0.1920.1080" width="1540" height="482" />
    <size key="GridCell.Tab.11.right.1920.0.1920.1080" width="1540" height="482" />
    <size key="GridCell.Tab.11.bottom.1920.0.1920.1080" width="1540" height="482" />
    <size key="GridCell.Tab.13.left.1920.0.1920.1080" width="1540" height="438" />
    <size key="GridCell.Tab.13.center.1920.0.1920.1080" width="1540" height="438" />
    <size key="GridCell.Tab.13.right.1920.0.1920.1080" width="1540" height="438" />
    <size key="GridCell.Tab.13.bottom.1920.0.1920.1080" width="1540" height="438" />
    <size key="GridCell.Tab.14.left.1920.0.1920.1080" width="1540" height="438" />
    <size key="GridCell.Tab.14.center.1920.0.1920.1080" width="1540" height="438" />
    <size key="GridCell.Tab.14.right.1920.0.1920.1080" width="1540" height="438" />
    <size key="GridCell.Tab.14.bottom.1920.0.1920.1080" width="1540" height="438" />
    <size key="GridCell.Tab.15.left.1920.0.1920.1080" width="1540" height="438" />
    <size key="GridCell.Tab.15.center.1920.0.1920.1080" width="1540" height="438" />
    <size key="GridCell.Tab.15.right.1920.0.1920.1080" width="1540" height="438" />
    <size key="GridCell.Tab.15.bottom.1920.0.1920.1080" width="1540" height="438" />
    <size key="GridCell.Tab.16.left.1920.0.1920.1080" width="1540" height="438" />
    <size key="GridCell.Tab.16.center.1920.0.1920.1080" width="1540" height="438" />
    <size key="GridCell.Tab.16.right.1920.0.1920.1080" width="1540" height="438" />
    <size key="GridCell.Tab.16.bottom.1920.0.1920.1080" width="1540" height="438" />
    <size key="GridCell.Tab.17.left.1920.0.1920.1080" width="1540" height="438" />
    <size key="GridCell.Tab.17.center.1920.0.1920.1080" width="1540" height="438" />
    <size key="GridCell.Tab.17.right.1920.0.1920.1080" width="1540" height="438" />
    <size key="GridCell.Tab.17.bottom.1920.0.1920.1080" width="1540" height="438" />
    <size key="GridCell.Tab.18.left.1920.0.1920.1080" width="1540" height="438" />
    <size key="GridCell.Tab.18.center.1920.0.1920.1080" width="1540" height="438" />
    <size key="GridCell.Tab.18.right.1920.0.1920.1080" width="1540" height="438" />
    <size key="GridCell.Tab.18.bottom.1920.0.1920.1080" width="1540" height="438" />
    <size key="GridCell.Tab.19.left.1920.0.1920.1080" width="1540" height="438" />
    <size key="GridCell.Tab.19.center.1920.0.1920.1080" width="1540" height="438" />
    <size key="GridCell.Tab.19.right.1920.0.1920.1080" width="1540" height="438" />
    <size key="GridCell.Tab.19.bottom.1920.0.1920.1080" width="1540" height="438" />
    <size key="GridCell.Tab.20.left.1920.0.1920.1080" width="1540" height="438" />
    <size key="GridCell.Tab.20.center.1920.0.1920.1080" width="1540" height="438" />
    <size key="GridCell.Tab.20.right.1920.0.1920.1080" width="1540" height="438" />
    <size key="GridCell.Tab.20.bottom.1920.0.1920.1080" width="1540" height="438" />
    <size key="GridCell.Tab.21.left.1920.0.1920.1080" width="1540" height="438" />
    <size key="GridCell.Tab.21.center.1920.0.1920.1080" width="1540" height="438" />
    <size key="GridCell.Tab.21.right.1920.0.1920.1080" width="1540" height="438" />
    <size key="GridCell.Tab.21.bottom.1920.0.1920.1080" width="1540" height="438" />
    <size key="GridCell.Tab.22.left.1920.0.1920.1080" width="1540" height="438" />
    <size key="GridCell.Tab.22.center.1920.0.1920.1080" width="1540" height="438" />
    <size key="GridCell.Tab.22.right.1920.0.1920.1080" width="1540" height="438" />
    <size key="GridCell.Tab.22.bottom.1920.0.1920.1080" width="1540" height="438" />
    <size key="GridCell.Tab.23.left.1920.0.1920.1080" width="1540" height="438" />
    <size key="GridCell.Tab.23.center.1920.0.1920.1080" width="1540" height="438" />
    <size key="GridCell.Tab.23.right.1920.0.1920.1080" width="1540" height="438" />
    <size key="GridCell.Tab.23.bottom.1920.0.1920.1080" width="1540" height="438" />
    <size key="GridCell.Tab.25.left.1920.0.1920.1080" width="1540" height="438" />
    <size key="GridCell.Tab.25.center.1920.0.1920.1080" width="1540" height="438" />
    <size key="GridCell.Tab.25.right.1920.0.1920.1080" width="1540" height="438" />
    <size key="GridCell.Tab.25.bottom.1920.0.1920.1080" width="1540" height="438" />
    <size key="GridCell.Tab.26.left.1920.0.1920.1080" width="1540" height="438" />
    <size key="GridCell.Tab.26.center.1920.0.1920.1080" width="1540" height="438" />
    <size key="GridCell.Tab.26.right.1920.0.1920.1080" width="1540" height="438" />
    <size key="GridCell.Tab.26.bottom.1920.0.1920.1080" width="1540" height="438" />
    <size key="GridCell.Tab.27.left.1920.0.1920.1080" width="1540" height="438" />
    <size key="GridCell.Tab.27.center.1920.0.1920.1080" width="1540" height="438" />
    <size key="GridCell.Tab.27.right.1920.0.1920.1080" width="1540" height="438" />
    <size key="GridCell.Tab.27.bottom.1920.0.1920.1080" width="1540" height="438" />
    <size key="GridCell.Tab.28.left.1920.0.1920.1080" width="1540" height="438" />
    <size key="GridCell.Tab.28.center.1920.0.1920.1080" width="1540" height="438" />
    <size key="GridCell.Tab.28.right.1920.0.1920.1080" width="1540" height="438" />
    <size key="GridCell.Tab.28.bottom.1920.0.1920.1080" width="1540" height="438" />
    <size key="GridCell.Tab.29.left.1920.0.1920.1080" width="1540" height="438" />
    <size key="GridCell.Tab.29.center.1920.0.1920.1080" width="1540" height="438" />
    <size key="GridCell.Tab.29.right.1920.0.1920.1080" width="1540" height="438" />
    <size key="GridCell.Tab.29.bottom.1920.0.1920.1080" width="1540" height="438" />
    <size key="GridCell.Tab.30.left.1920.0.1920.1080" width="1540" height="438" />
    <size key="GridCell.Tab.30.center.1920.0.1920.1080" width="1540" height="438" />
    <size key="GridCell.Tab.30.right.1920.0.1920.1080" width="1540" height="438" />
    <size key="GridCell.Tab.30.bottom.1920.0.1920.1080" width="1540" height="438" />
    <size key="GridCell.Tab.31.left.1920.0.1920.1080" width="1540" height="438" />
    <size key="GridCell.Tab.31.center.1920.0.1920.1080" width="1540" height="438" />
    <size key="GridCell.Tab.31.right.1920.0.1920.1080" width="1540" height="438" />
    <size key="GridCell.Tab.31.bottom.1920.0.1920.1080" width="1540" height="438" />
    <size key="GridCell.Tab.32.left.1920.0.1920.1080" width="1540" height="438" />
    <size key="GridCell.Tab.32.center.1920.0.1920.1080" width="1540" height="438" />
    <size key="GridCell.Tab.32.right.1920.0.1920.1080" width="1540" height="438" />
    <size key="GridCell.Tab.32.bottom.1920.0.1920.1080" width="1540" height="438" />
    <size key="GridCell.Tab.33.left.1920.0.1920.1080" width="1540" height="438" />
    <size key="GridCell.Tab.33.center.1920.0.1920.1080" width="1540" height="438" />
    <size key="GridCell.Tab.33.right.1920.0.1920.1080" width="1540" height="438" />
    <size key="GridCell.Tab.33.bottom.1920.0.1920.1080" width="1540" height="438" />
    <size key="GridCell.Tab.34.left.1920.0.1920.1080" width="1540" height="438" />
    <size key="GridCell.Tab.34.center.1920.0.1920.1080" width="1540" height="438" />
    <size key="GridCell.Tab.34.right.1920.0.1920.1080" width="1540" height="438" />
    <size key="GridCell.Tab.34.bottom.1920.0.1920.1080" width="1540" height="438" />
    <size key="GridCell.Tab.35.left.1920.0.1920.1080" width="1540" height="438" />
    <size key="GridCell.Tab.35.center.1920.0.1920.1080" width="1540" height="438" />
    <size key="GridCell.Tab.35.right.1920.0.1920.1080" width="1540" height="438" />
    <size key="GridCell.Tab.35.bottom.1920.0.1920.1080" width="1540" height="438" />
    <size key="GridCell.Tab.36.left.1920.0.1920.1080" width="1540" height="438" />
    <size key="GridCell.Tab.36.center.1920.0.1920.1080" width="1540" height="438" />
    <size key="GridCell.Tab.36.right.1920.0.1920.1080" width="1540" height="438" />
    <size key="GridCell.Tab.36.bottom.1920.0.1920.1080" width="1540" height="438" />
    <size key="GridCell.Tab.38.left.0.0.1920.1080" width="1540" height="438" />
    <size key="GridCell.Tab.38.center.0.0.1920.1080" width="1540" height="438" />
    <size key="GridCell.Tab.38.right.0.0.1920.1080" width="1540" height="438" />
    <size key="GridCell.Tab.38.bottom.0.0.1920.1080" width="1540" height="438" />
    <size key="GridCell.Tab.39.left.0.0.1920.1080" width="1540" height="438" />
    <size key="GridCell.Tab.39.center.0.0.1920.1080" width="1540" height="438" />
    <size key="GridCell.Tab.39.right.0.0.1920.1080" width="1540" height="438" />
    <size key="GridCell.Tab.39.bottom.0.0.1920.1080" width="1540" height="438" />
    <size key="GridCell.Tab.40.left.0.0.1920.1080" width="1540" height="438" />
    <size key="GridCell.Tab.40.center.0.0.1920.1080" width="1540" height="438" />
    <size key="GridCell.Tab.40.right.0.0.1920.1080" width="1540" height="438" />
    <size key="GridCell.Tab.40.bottom.0.0.1920.1080" width="1540" height="438" />
    <size key="GridCell.Tab.41.left.0.0.1920.1080" width="1540" height="438" />
    <size key="GridCell.Tab.41.center.0.0.1920.1080" width="1540" height="438" />
    <size key="GridCell.Tab.41.right.0.0.1920.1080" width="1540" height="438" />
    <size key="GridCell.Tab.41.bottom.0.0.1920.1080" width="1540" height="438" />
    <size key="GridCell.Tab.42.left.0.0.1920.1080" width="1540" height="438" />
    <size key="GridCell.Tab.42.center.0.0.1920.1080" width="1540" height="438" />
    <size key="GridCell.Tab.42.right.0.0.1920.1080" width="1540" height="438" />
    <size key="GridCell.Tab.42.bottom.0.0.1920.1080" width="1540" height="438" />
    <size key="GridCell.Tab.43.left.0.0.1920.1080" width="1540" height="501" />
    <size key="GridCell.Tab.43.center.0.0.1920.1080" width="1540" height="501" />
    <size key="GridCell.Tab.43.right.0.0.1920.1080" width="1540" height="501" />
    <size key="GridCell.Tab.43.bottom.0.0.1920.1080" width="1540" height="501" />
    <size key="GridCell.Tab.44.left.0.0.1920.1080" width="1540" height="501" />
    <size key="GridCell.Tab.44.center.0.0.1920.1080" width="1540" height="501" />
    <size key="GridCell.Tab.44.right.0.0.1920.1080" width="1540" height="501" />
    <size key="GridCell.Tab.44.bottom.0.0.1920.1080" width="1540" height="501" />
    <size key="GridCell.Tab.45.left.0.0.1920.1080" width="1540" height="501" />
    <size key="GridCell.Tab.45.center.0.0.1920.1080" width="1540" height="501" />
    <size key="GridCell.Tab.45.right.0.0.1920.1080" width="1540" height="501" />
    <size key="GridCell.Tab.45.bottom.0.0.1920.1080" width="1540" height="501" />
    <size key="GridCell.Tab.46.left.0.0.1920.1080" width="1540" height="501" />
    <size key="GridCell.Tab.46.center.0.0.1920.1080" width="1540" height="501" />
    <size key="GridCell.Tab.46.right.0.0.1920.1080" width="1540" height="501" />
    <size key="GridCell.Tab.46.bottom.0.0.1920.1080" width="1540" height="501" />
    <size key="GridCell.Tab.47.left.0.0.1920.1080" width="1540" height="501" />
    <size key="GridCell.Tab.47.center.0.0.1920.1080" width="1540" height="501" />
    <size key="GridCell.Tab.47.right.0.0.1920.1080" width="1540" height="501" />
    <size key="GridCell.Tab.47.bottom.0.0.1920.1080" width="1540" height="501" />
    <size key="GridCell.Tab.48.left.0.0.1920.1080" width="1540" height="501" />
    <size key="GridCell.Tab.48.center.0.0.1920.1080" width="1540" height="501" />
    <size key="GridCell.Tab.48.right.0.0.1920.1080" width="1540" height="501" />
    <size key="GridCell.Tab.48.bottom.0.0.1920.1080" width="1540" height="501" />
    <size key="GridCell.Tab.49.left.0.0.1920.1080" width="1540" height="501" />
    <size key="GridCell.Tab.49.center.0.0.1920.1080" width="1540" height="501" />
    <size key="GridCell.Tab.49.right.0.0.1920.1080" width="1540" height="501" />
    <size key="GridCell.Tab.49.bottom.0.0.1920.1080" width="1540" height="501" />
    <size key="GridCell.Tab.50.left.0.0.1920.1080" width="1540" height="501" />
    <size key="GridCell.Tab.50.center.0.0.1920.1080" width="1540" height="501" />
    <size key="GridCell.Tab.50.right.0.0.1920.1080" width="1540" height="501" />
    <size key="GridCell.Tab.50.bottom.0.0.1920.1080" width="1540" height="501" />
    <size key="GridCell.Tab.51.left.0.0.1920.1080" width="1540" height="501" />
    <size key="GridCell.Tab.51.center.0.0.1920.1080" width="1540" height="501" />
    <size key="GridCell.Tab.51.right.0.0.1920.1080" width="1540" height="501" />
    <size key="GridCell.Tab.51.bottom.0.0.1920.1080" width="1540" height="501" />
    <size key="GridCell.Tab.52.left.0.0.1920.1080" width="1540" height="501" />
    <size key="GridCell.Tab.52.center.0.0.1920.1080" width="1540" height="501" />
    <size key="GridCell.Tab.52.right.0.0.1920.1080" width="1540" height="501" />
    <size key="GridCell.Tab.52.bottom.0.0.1920.1080" width="1540" height="501" />
    <size key="GridCell.Tab.53.left.0.0.1920.1080" width="1540" height="501" />
    <size key="GridCell.Tab.53.center.0.0.1920.1080" width="1540" height="501" />
    <size key="GridCell.Tab.53.right.0.0.1920.1080" width="1540" height="501" />
    <size key="GridCell.Tab.53.bottom.0.0.1920.1080" width="1540" height="501" />
    <size key="GridCell.Tab.54.left.0.0.1920.1080" width="1540" height="501" />
    <size key="GridCell.Tab.54.center.0.0.1920.1080" width="1540" height="501" />
    <size key="GridCell.Tab.54.right.0.0.1920.1080" width="1540" height="501" />
    <size key="GridCell.Tab.54.bottom.0.0.1920.1080" width="1540" height="501" />
    <size key="GridCell.Tab.55.left.0.0.1920.1080" width="1540" height="501" />
    <size key="GridCell.Tab.55.center.0.0.1920.1080" width="1540" height="501" />
    <size key="GridCell.Tab.55.right.0.0.1920.1080" width="1540" height="501" />
    <size key="GridCell.Tab.55.bottom.0.0.1920.1080" width="1540" height="501" />
    <size key="GridCell.Tab.56.left.0.0.1920.1080" width="1540" height="501" />
    <size key="GridCell.Tab.56.center.0.0.1920.1080" width="1540" height="501" />
    <size key="GridCell.Tab.56.right.0.0.1920.1080" width="1540" height="501" />
    <size key="GridCell.Tab.56.bottom.0.0.1920.1080" width="1540" height="501" />
    <size key="GridCell.Tab.57.left.0.0.1920.1080" width="1540" height="501" />
    <size key="GridCell.Tab.57.center.0.0.1920.1080" width="1540" height="501" />
    <size key="GridCell.Tab.57.right.0.0.1920.1080" width="1540" height="501" />
    <size key="GridCell.Tab.57.bottom.0.0.1920.1080" width="1540" height="501" />
    <size key="GridCell.Tab.58.left.0.0.1920.1080" width="1540" height="501" />
    <size key="GridCell.Tab.58.center.0.0.1920.1080" width="1540" height="501" />
    <size key="GridCell.Tab.58.right.0.0.1920.1080" width="1540" height="501" />
    <size key="GridCell.Tab.58.bottom.0.0.1920.1080" width="1540" height="501" />
    <size key="GridCell.Tab.59.left.0.0.1920.1080" width="1540" height="501" />
    <size key="GridCell.Tab.59.center.0.0.1920.1080" width="1540" height="501" />
    <size key="GridCell.Tab.59.right.0.0.1920.1080" width="1540" height="501" />
    <size key="GridCell.Tab.59.bottom.0.0.1920.1080" width="1540" height="501" />
    <size key="GridCell.Tab.60.left.0.0.1920.1080" width="1540" height="501" />
    <size key="GridCell.Tab.60.center.0.0.1920.1080" width="1540" height="501" />
    <size key="GridCell.Tab.60.right.0.0.1920.1080" width="1540" height="501" />
    <size key="GridCell.Tab.60.bottom.0.0.1920.1080" width="1540" height="501" />
    <size key="GridCell.Tab.61.left.0.0.1920.1080" width="1540" height="501" />
    <size key="GridCell.Tab.61.center.0.0.1920.1080" width="1540" height="501" />
    <size key="GridCell.Tab.61.right.0.0.1920.1080" width="1540" height="501" />
    <size key="GridCell.Tab.61.bottom.0.0.1920.1080" width="1540" height="501" />
    <size key="GridCell.Tab.62.left.0.0.1920.1080" width="1540" height="501" />
    <size key="GridCell.Tab.62.center.0.0.1920.1080" width="1540" height="501" />
    <size key="GridCell.Tab.62.right.0.0.1920.1080" width="1540" height="501" />
    <size key="GridCell.Tab.62.bottom.0.0.1920.1080" width="1540" height="501" />
    <size key="GridCell.Tab.63.left.0.0.1920.1080" width="1540" height="501" />
    <size key="GridCell.Tab.63.center.0.0.1920.1080" width="1540" height="501" />
    <size key="GridCell.Tab.63.right.0.0.1920.1080" width="1540" height="501" />
    <size key="GridCell.Tab.63.bottom.0.0.1920.1080" width="1540" height="501" />
    <size key="GridCell.Tab.64.left.0.0.1920.1080" width="1540" height="501" />
    <size key="GridCell.Tab.64.center.0.0.1920.1080" width="1540" height="501" />
    <size key="GridCell.Tab.64.right.0.0.1920.1080" width="1540" height="501" />
    <size key="GridCell.Tab.64.bottom.0.0.1920.1080" width="1540" height="501" />
    <size key="GridCell.Tab.65.left.0.0.1920.1080" width="1540" height="501" />
    <size key="GridCell.Tab.65.center.0.0.1920.1080" width="1540" height="501" />
    <size key="GridCell.Tab.65.right.0.0.1920.1080" width="1540" height="501" />
    <size key="GridCell.Tab.65.bottom.0.0.1920.1080" width="1540" height="501" />
    <size key="GridCell.Tab.68.left.0.0.1920.1080" width="1540" height="501" />
    <size key="GridCell.Tab.68.center.0.0.1920.1080" width="1540" height="501" />
    <size key="GridCell.Tab.68.right.0.0.1920.1080" width="1540" height="501" />
    <size key="GridCell.Tab.68.bottom.0.0.1920.1080" width="1540" height="501" />
    <size key="GridCell.Tab.2.left.1920.0.1920.1080" width="1540" height="482" />
    <size key="GridCell.Tab.2.center.1920.0.1920.1080" width="1540" height="482" />
    <size key="GridCell.Tab.2.right.1920.0.1920.1080" width="1540" height="482" />
    <size key="GridCell.Tab.2.bottom.1920.0.1920.1080" width="1540" height="482" />
    <size key="GridCell.Tab.68.left.1920.0.1920.1080" width="1540" height="501" />
    <size key="GridCell.Tab.68.center.1920.0.1920.1080" width="1540" height="501" />
    <size key="GridCell.Tab.68.right.1920.0.1920.1080" width="1540" height="501" />
    <size key="GridCell.Tab.68.bottom.1920.0.1920.1080" width="1540" height="501" />
    <size key="GridCell.Tab.69.left.1920.0.1920.1080" width="1540" height="501" />
    <size key="GridCell.Tab.69.center.1920.0.1920.1080" width="1540" height="501" />
    <size key="GridCell.Tab.69.right.1920.0.1920.1080" width="1540" height="501" />
    <size key="GridCell.Tab.69.bottom.1920.0.1920.1080" width="1540" height="501" />
    <size key="GridCell.Tab.73.left.1920.0.1920.1080" width="1540" height="501" />
    <size key="GridCell.Tab.73.center.1920.0.1920.1080" width="1540" height="501" />
    <size key="GridCell.Tab.73.right.1920.0.1920.1080" width="1540" height="501" />
    <size key="GridCell.Tab.73.bottom.1920.0.1920.1080" width="1540" height="501" />
    <size key="GridCell.Tab.74.left.1920.0.1920.1080" width="1540" height="501" />
    <size key="GridCell.Tab.74.center.1920.0.1920.1080" width="1540" height="501" />
    <size key="GridCell.Tab.74.right.1920.0.1920.1080" width="1540" height="501" />
    <size key="GridCell.Tab.74.bottom.1920.0.1920.1080" width="1540" height="501" />
    <size key="GridCell.Tab.77.left.0.0.1920.1080" width="1540" height="501" />
    <size key="GridCell.Tab.77.center.0.0.1920.1080" width="1540" height="501" />
    <size key="GridCell.Tab.77.right.0.0.1920.1080" width="1540" height="501" />
    <size key="GridCell.Tab.77.bottom.0.0.1920.1080" width="1540" height="501" />
    <size key="GridCell.Tab.78.left.0.0.1920.1080" width="1540" height="501" />
    <size key="GridCell.Tab.78.center.0.0.1920.1080" width="1540" height="501" />
    <size key="GridCell.Tab.78.right.0.0.1920.1080" width="1540" height="501" />
    <size key="GridCell.Tab.78.bottom.0.0.1920.1080" width="1540" height="501" />
    <size key="GridCell.Tab.79.left.0.0.1920.1080" width="1540" height="501" />
    <size key="GridCell.Tab.79.center.0.0.1920.1080" width="1540" height="501" />
    <size key="GridCell.Tab.79.right.0.0.1920.1080" width="1540" height="501" />
    <size key="GridCell.Tab.79.bottom.0.0.1920.1080" width="1540" height="501" />
    <size key="GridCell.Tab.80.left.0.0.1920.1080" width="1540" height="501" />
    <size key="GridCell.Tab.80.center.0.0.1920.1080" width="1540" height="501" />
    <size key="GridCell.Tab.80.right.0.0.1920.1080" width="1540" height="501" />
    <size key="GridCell.Tab.80.bottom.0.0.1920.1080" width="1540" height="501" />
    <size key="GridCell.Tab.81.left.0.0.1920.1080" width="1540" height="501" />
    <size key="GridCell.Tab.81.center.0.0.1920.1080" width="1540" height="501" />
    <size key="GridCell.Tab.81.right.0.0.1920.1080" width="1540" height="501" />
    <size key="GridCell.Tab.81.bottom.0.0.1920.1080" width="1540" height="501" />
    <size key="GridCell.Tab.82.left.0.0.1920.1080" width="1540" height="501" />
    <size key="GridCell.Tab.82.center.0.0.1920.1080" width="1540" height="501" />
    <size key="GridCell.Tab.82.right.0.0.1920.1080" width="1540" height="501" />
    <size key="GridCell.Tab.82.bottom.0.0.1920.1080" width="1540" height="501" />
    <size key="GridCell.Tab.83.left.0.0.1920.1080" width="1540" height="501" />
    <size key="GridCell.Tab.83.center.0.0.1920.1080" width="1540" height="501" />
    <size key="GridCell.Tab.83.right.0.0.1920.1080" width="1540" height="501" />
    <size key="GridCell.Tab.83.bottom.0.0.1920.1080" width="1540" height="501" />
    <size key="GridCell.Tab.84.left.0.0.1920.1080" width="1540" height="501" />
    <size key="GridCell.Tab.84.center.0.0.1920.1080" width="1540" height="501" />
    <size key="GridCell.Tab.84.right.0.0.1920.1080" width="1540" height="501" />
    <size key="GridCell.Tab.84.bottom.0.0.1920.1080" width="1540" height="501" />
    <size key="GridCell.Tab.85.left.0.0.1920.1080" width="1540" height="501" />
    <size key="GridCell.Tab.85.center.0.0.1920.1080" width="1540" height="501" />
    <size key="GridCell.Tab.85.right.0.0.1920.1080" width="1540" height="501" />
    <size key="GridCell.Tab.85.bottom.0.0.1920.1080" width="1540" height="501" />
    <size key="GridCell.Tab.86.left.0.0.1920.1080" width="1540" height="501" />
    <size key="GridCell.Tab.86.center.0.0.1920.1080" width="1540" height="501" />
    <size key="GridCell.Tab.86.right.0.0.1920.1080" width="1540" height="501" />
    <size key="GridCell.Tab.86.bottom.0.0.1920.1080" width="1540" height="501" />
    <size key="GridCell.Tab.87.left.0.0.1920.1080" width="1540" height="501" />
    <size key="GridCell.Tab.87.center.0.0.1920.1080" width="1540" height="501" />
    <size key="GridCell.Tab.87.right.0.0.1920.1080" width="1540" height="501" />
    <size key="GridCell.Tab.87.bottom.0.0.1920.1080" width="1540" height="501" />
    <size key="GridCell.Tab.88.left.0.0.1920.1080" width="1540" height="501" />
    <size key="GridCell.Tab.88.center.0.0.1920.1080" width="1540" height="501" />
    <size key="GridCell.Tab.88.right.0.0.1920.1080" width="1540" height="501" />
    <size key="GridCell.Tab.88.bottom.0.0.1920.1080" width="1540" height="501" />
    <size key="GridCell.Tab.89.left.0.0.1920.1080" width="1540" height="501" />
    <size key="GridCell.Tab.89.center.0.0.1920.1080" width="1540" height="501" />
    <size key="GridCell.Tab.89.right.0.0.1920.1080" width="1540" height="501" />
    <size key="GridCell.Tab.89.bottom.0.0.1920.1080" width="1540" height="501" />
    <size key="GridCell.Tab.90.left.0.0.1920.1080" width="1540" height="501" />
    <size key="GridCell.Tab.90.center.0.0.1920.1080" width="1540" height="501" />
    <size key="GridCell.Tab.90.right.0.0.1920.1080" width="1540" height="501" />
    <size key="GridCell.Tab.90.bottom.0.0.1920.1080" width="1540" height="501" />
    <size key="GridCell.Tab.91.left.0.0.1920.1080" width="1540" height="501" />
    <size key="GridCell.Tab.91.center.0.0.1920.1080" width="1540" height="501" />
    <size key="GridCell.Tab.91.right.0.0.1920.1080" width="1540" height="501" />
    <size key="GridCell.Tab.91.bottom.0.0.1920.1080" width="1540" height="501" />
    <size key="GridCell.Tab.92.left.0.0.1920.1080" width="1540" height="501" />
    <size key="GridCell.Tab.92.center.0.0.1920.1080" width="1540" height="501" />
    <size key="GridCell.Tab.92.right.0.0.1920.1080" width="1540" height="501" />
    <size key="GridCell.Tab.92.bottom.0.0.1920.1080" width="1540" height="501" />
    <size key="GridCell.Tab.93.left.0.0.1920.1080" width="1540" height="501" />
    <size key="GridCell.Tab.93.center.0.0.1920.1080" width="1540" height="501" />
    <size key="GridCell.Tab.93.right.0.0.1920.1080" width="1540" height="501" />
    <size key="GridCell.Tab.93.bottom.0.0.1920.1080" width="1540" height="501" />
    <size key="GridCell.Tab.94.left.0.0.1920.1080" width="1540" height="501" />
    <size key="GridCell.Tab.94.center.0.0.1920.1080" width="1540" height="501" />
    <size key="GridCell.Tab.94.right.0.0.1920.1080" width="1540" height="501" />
    <size key="GridCell.Tab.94.bottom.0.0.1920.1080" width="1540" height="501" />
    <size key="GridCell.Tab.95.left.0.0.1920.1080" width="1540" height="501" />
    <size key="GridCell.Tab.95.center.0.0.1920.1080" width="1540" height="501" />
    <size key="GridCell.Tab.95.right.0.0.1920.1080" width="1540" height="501" />
    <size key="GridCell.Tab.95.bottom.0.0.1920.1080" width="1540" height="501" />
    <size key="GridCell.Tab.96.left.0.0.1920.1080" width="1540" height="501" />
    <size key="GridCell.Tab.96.center.0.0.1920.1080" width="1540" height="501" />
    <size key="GridCell.Tab.96.right.0.0.1920.1080" width="1540" height="501" />
    <size key="GridCell.Tab.96.bottom.0.0.1920.1080" width="1540" height="501" />
    <size key="GridCell.Tab.97.left.0.0.1920.1080" width="1540" height="501" />
    <size key="GridCell.Tab.97.center.0.0.1920.1080" width="1540" height="501" />
    <size key="GridCell.Tab.97.right.0.0.1920.1080" width="1540" height="501" />
    <size key="GridCell.Tab.97.bottom.0.0.1920.1080" width="1540" height="501" />
    <size key="GridCell.Tab.98.left.0.0.1920.1080" width="1540" height="501" />
    <size key="GridCell.Tab.98.center.0.0.1920.1080" width="1540" height="501" />
    <size key="GridCell.Tab.98.right.0.0.1920.1080" width="1540" height="501" />
    <size key="GridCell.Tab.98.bottom.0.0.1920.1080" width="1540" height="501" />
    <size key="GridCell.Tab.99.left.0.0.1920.1080" width="1540" height="501" />
    <size key="GridCell.Tab.99.center.0.0.1920.1080" width="1540" height="501" />
    <size key="GridCell.Tab.99.right.0.0.1920.1080" width="1540" height="501" />
    <size key="GridCell.Tab.99.bottom.0.0.1920.1080" width="1540" height="501" />
    <size key="GridCell.Tab.100.left.0.0.1920.1080" width="1540" height="501" />
    <size key="GridCell.Tab.100.center.0.0.1920.1080" width="1540" height="501" />
    <size key="GridCell.Tab.100.right.0.0.1920.1080" width="1540" height="501" />
    <size key="GridCell.Tab.100.bottom.0.0.1920.1080" width="1540" height="501" />
    <size key="GridCell.Tab.102.left.0.0.1920.1080" width="1540" height="501" />
    <size key="GridCell.Tab.102.center.0.0.1920.1080" width="1540" height="501" />
    <size key="GridCell.Tab.102.right.0.0.1920.1080" width="1540" height="501" />
    <size key="GridCell.Tab.102.bottom.0.0.1920.1080" width="1540" height="501" />
    <size key="GridCell.Tab.103.left.0.0.1920.1080" width="1540" height="501" />
    <size key="GridCell.Tab.103.center.0.0.1920.1080" width="1540" height="501" />
    <size key="GridCell.Tab.103.right.0.0.1920.1080" width="1540" height="501" />
    <size key="GridCell.Tab.103.bottom.0.0.1920.1080" width="1540" height="501" />
    <size key="GridCell.Tab.104.left.0.0.1920.1080" width="1540" height="501" />
    <size key="GridCell.Tab.104.center.0.0.1920.1080" width="1540" height="501" />
    <size key="GridCell.Tab.104.right.0.0.1920.1080" width="1540" height="501" />
    <size key="GridCell.Tab.104.bottom.0.0.1920.1080" width="1540" height="501" />
    <size key="GridCell.Tab.105.left.0.0.1920.1080" width="1540" height="501" />
    <size key="GridCell.Tab.105.center.0.0.1920.1080" width="1540" height="501" />
    <size key="GridCell.Tab.105.right.0.0.1920.1080" width="1540" height="501" />
    <size key="GridCell.Tab.105.bottom.0.0.1920.1080" width="1540" height="501" />
    <size key="GridCell.Tab.106.left.0.0.1920.1080" width="1540" height="501" />
    <size key="GridCell.Tab.106.center.0.0.1920.1080" width="1540" height="501" />
    <size key="GridCell.Tab.106.right.0.0.1920.1080" width="1540" height="501" />
    <size key="GridCell.Tab.106.bottom.0.0.1920.1080" width="1540" height="501" />
    <size key="GridCell.Tab.107.left.0.0.1920.1080" width="1540" height="501" />
    <size key="GridCell.Tab.107.center.0.0.1920.1080" width="1540" height="501" />
    <size key="GridCell.Tab.107.right.0.0.1920.1080" width="1540" height="501" />
    <size key="GridCell.Tab.107.bottom.0.0.1920.1080" width="1540" height="501" />
    <size key="GridCell.Tab.108.left.0.0.1920.1080" width="1540" height="501" />
    <size key="GridCell.Tab.108.center.0.0.1920.1080" width="1540" height="501" />
    <size key="GridCell.Tab.108.right.0.0.1920.1080" width="1540" height="501" />
    <size key="GridCell.Tab.108.bottom.0.0.1920.1080" width="1540" height="501" />
    <size key="GridCell.Tab.109.left.0.0.1920.1080" width="1540" height="501" />
    <size key="GridCell.Tab.109.center.0.0.1920.1080" width="1540" height="501" />
    <size key="GridCell.Tab.109.right.0.0.1920.1080" width="1540" height="501" />
    <size key="GridCell.Tab.109.bottom.0.0.1920.1080" width="1540" height="501" />
    <size key="GridCell.Tab.110.left.0.0.1920.1080" width="1540" height="501" />
    <size key="GridCell.Tab.110.center.0.0.1920.1080" width="1540" height="501" />
    <size key="GridCell.Tab.110.right.0.0.1920.1080" width="1540" height="501" />
    <size key="GridCell.Tab.110.bottom.0.0.1920.1080" width="1540" height="501" />
    <size key="GridCell.Tab.111.left.0.0.1920.1080" width="1540" height="501" />
    <size key="GridCell.Tab.111.center.0.0.1920.1080" width="1540" height="501" />
    <size key="GridCell.Tab.111.right.0.0.1920.1080" width="1540" height="501" />
    <size key="GridCell.Tab.111.bottom.0.0.1920.1080" width="1540" height="501" />
    <size key="GridCell.Tab.112.left.0.0.1920.1080" width="1540" height="501" />
    <size key="GridCell.Tab.112.center.0.0.1920.1080" width="1540" height="501" />
    <size key="GridCell.Tab.112.right.0.0.1920.1080" width="1540" height="501" />
    <size key="GridCell.Tab.112.bottom.0.0.1920.1080" width="1540" height="501" />
    <size key="GridCell.Tab.113.left.0.0.1920.1080" width="1540" height="501" />
    <size key="GridCell.Tab.113.center.0.0.1920.1080" width="1540" height="501" />
    <size key="GridCell.Tab.113.right.0.0.1920.1080" width="1540" height="501" />
    <size key="GridCell.Tab.113.bottom.0.0.1920.1080" width="1540" height="501" />
    <size key="GridCell.Tab.115.left.0.0.1920.1080" width="1540" height="501" />
    <size key="GridCell.Tab.115.center.0.0.1920.1080" width="1540" height="501" />
    <size key="GridCell.Tab.115.right.0.0.1920.1080" width="1540" height="501" />
    <size key="GridCell.Tab.115.bottom.0.0.1920.1080" width="1540" height="501" />
    <size key="GridCell.Tab.116.left.0.0.1920.1080" width="1540" height="501" />
    <size key="GridCell.Tab.116.center.0.0.1920.1080" width="1540" height="501" />
    <size key="GridCell.Tab.116.right.0.0.1920.1080" width="1540" height="501" />
    <size key="GridCell.Tab.116.bottom.0.0.1920.1080" width="1540" height="501" />
    <size key="GridCell.Tab.117.left.0.0.1920.1080" width="1540" height="501" />
    <size key="GridCell.Tab.117.center.0.0.1920.1080" width="1540" height="501" />
    <size key="GridCell.Tab.117.right.0.0.1920.1080" width="1540" height="501" />
    <size key="GridCell.Tab.117.bottom.0.0.1920.1080" width="1540" height="501" />
    <size key="GridCell.Tab.118.left.0.0.1920.1080" width="1540" height="501" />
    <size key="GridCell.Tab.118.center.0.0.1920.1080" width="1540" height="501" />
    <size key="GridCell.Tab.118.right.0.0.1920.1080" width="1540" height="501" />
    <size key="GridCell.Tab.118.bottom.0.0.1920.1080" width="1540" height="501" />
    <size key="GridCell.Tab.120.left.0.0.1920.1080" width="1540" height="501" />
    <size key="GridCell.Tab.120.center.0.0.1920.1080" width="1540" height="501" />
    <size key="GridCell.Tab.120.right.0.0.1920.1080" width="1540" height="501" />
    <size key="GridCell.Tab.120.bottom.0.0.1920.1080" width="1540" height="501" />
    <size key="GridCell.Tab.121.left.0.0.1920.1080" width="1540" height="501" />
    <size key="GridCell.Tab.121.center.0.0.1920.1080" width="1540" height="501" />
    <size key="GridCell.Tab.121.right.0.0.1920.1080" width="1540" height="501" />
    <size key="GridCell.Tab.121.bottom.0.0.1920.1080" width="1540" height="501" />
    <size key="GridCell.Tab.122.left.0.0.1920.1080" width="1540" height="501" />
    <size key="GridCell.Tab.122.center.0.0.1920.1080" width="1540" height="501" />
    <size key="GridCell.Tab.122.right.0.0.1920.1080" width="1540" height="501" />
    <size key="GridCell.Tab.122.bottom.0.0.1920.1080" width="1540" height="501" />
    <size key="GridCell.Tab.123.left.0.0.1920.1080" width="1540" height="501" />
    <size key="GridCell.Tab.123.center.0.0.1920.1080" width="1540" height="501" />
    <size key="GridCell.Tab.123.right.0.0.1920.1080" width="1540" height="501" />
    <size key="GridCell.Tab.123.bottom.0.0.1920.1080" width="1540" height="501" />
    <size key="GridCell.Tab.125.left.0.0.1920.1080" width="1540" height="501" />
    <size key="GridCell.Tab.125.center.0.0.1920.1080" width="1540" height="501" />
    <size key="GridCell.Tab.125.right.0.0.1920.1080" width="1540" height="501" />
    <size key="GridCell.Tab.125.bottom.0.0.1920.1080" width="1540" height="501" />
    <size key="GridCell.Tab.1.left.0.0.1920.1080" width="1540" height="383" />
    <size key="GridCell.Tab.1.center.0.0.1920.1080" width="1540" height="383" />
    <size key="GridCell.Tab.1.right.0.0.1920.1080" width="1540" height="383" />
    <size key="GridCell.Tab.1.bottom.0.0.1920.1080" width="1540" height="383" />
    <size key="GridCell.Tab.2.left.0.0.1920.1080" width="1540" height="383" />
    <size key="GridCell.Tab.2.center.0.0.1920.1080" width="1540" height="383" />
    <size key="GridCell.Tab.2.right.0.0.1920.1080" width="1540" height="383" />
    <size key="GridCell.Tab.2.bottom.0.0.1920.1080" width="1540" height="383" />
    <size key="GridCell.Tab.126.left.0.0.1920.1080" width="1540" height="501" />
    <size key="GridCell.Tab.126.center.0.0.1920.1080" width="1540" height="501" />
    <size key="GridCell.Tab.126.right.0.0.1920.1080" width="1540" height="501" />
    <size key="GridCell.Tab.126.bottom.0.0.1920.1080" width="1540" height="501" />
    <size key="GridCell.Tab.128.left.0.0.1920.1080" width="1540" height="501" />
    <size key="GridCell.Tab.128.center.0.0.1920.1080" width="1540" height="501" />
    <size key="GridCell.Tab.128.right.0.0.1920.1080" width="1540" height="501" />
    <size key="GridCell.Tab.128.bottom.0.0.1920.1080" width="1540" height="501" />
    <size key="GridCell.Tab.129.left.0.0.1920.1080" width="1540" height="501" />
    <size key="GridCell.Tab.129.center.0.0.1920.1080" width="1540" height="501" />
    <size key="GridCell.Tab.129.right.0.0.1920.1080" width="1540" height="501" />
    <size key="GridCell.Tab.129.bottom.0.0.1920.1080" width="1540" height="501" />
    <size key="GridCell.Tab.130.left.0.0.1920.1080" width="1540" height="501" />
    <size key="GridCell.Tab.130.center.0.0.1920.1080" width="1540" height="501" />
    <size key="GridCell.Tab.130.right.0.0.1920.1080" width="1540" height="501" />
    <size key="GridCell.Tab.130.bottom.0.0.1920.1080" width="1540" height="501" />
    <size key="GridCell.Tab.131.left.0.0.1920.1080" width="1540" height="501" />
    <size key="GridCell.Tab.131.center.0.0.1920.1080" width="1540" height="501" />
    <size key="GridCell.Tab.131.right.0.0.1920.1080" width="1540" height="501" />
    <size key="GridCell.Tab.131.bottom.0.0.1920.1080" width="1540" height="501" />
    <size key="GridCell.Tab.132.left.0.0.1920.1080" width="1540" height="501" />
    <size key="GridCell.Tab.132.center.0.0.1920.1080" width="1540" height="501" />
    <size key="GridCell.Tab.132.right.0.0.1920.1080" width="1540" height="501" />
    <size key="GridCell.Tab.132.bottom.0.0.1920.1080" width="1540" height="501" />
    <size key="GridCell.Tab.133.left.0.0.1920.1080" width="1540" height="501" />
    <size key="GridCell.Tab.133.center.0.0.1920.1080" width="1540" height="501" />
    <size key="GridCell.Tab.133.right.0.0.1920.1080" width="1540" height="501" />
    <size key="GridCell.Tab.133.bottom.0.0.1920.1080" width="1540" height="501" />
    <size key="GridCell.Tab.134.left.0.0.1920.1080" width="1540" height="501" />
    <size key="GridCell.Tab.134.center.0.0.1920.1080" width="1540" height="501" />
    <size key="GridCell.Tab.134.right.0.0.1920.1080" width="1540" height="501" />
    <size key="GridCell.Tab.134.bottom.0.0.1920.1080" width="1540" height="501" />
    <size key="GridCell.Tab.135.left.1920.0.1920.1080" width="1540" height="501" />
    <size key="GridCell.Tab.135.center.1920.0.1920.1080" width="1540" height="501" />
    <size key="GridCell.Tab.135.right.1920.0.1920.1080" width="1540" height="501" />
    <size key="GridCell.Tab.135.bottom.1920.0.1920.1080" width="1540" height="501" />
    <size key="GridCell.Tab.137.left.0.0.1920.1080" width="1540" height="501" />
    <size key="GridCell.Tab.137.center.0.0.1920.1080" width="1540" height="501" />
    <size key="GridCell.Tab.137.right.0.0.1920.1080" width="1540" height="501" />
    <size key="GridCell.Tab.137.bottom.0.0.1920.1080" width="1540" height="501" />
    <size key="GridCell.Tab.138.left.0.0.1920.1080" width="1540" height="501" />
    <size key="GridCell.Tab.138.center.0.0.1920.1080" width="1540" height="501" />
    <size key="GridCell.Tab.138.right.0.0.1920.1080" width="1540" height="501" />
    <size key="GridCell.Tab.138.bottom.0.0.1920.1080" width="1540" height="501" />
    <size key="GridCell.Tab.139.left.0.0.1920.1080" width="1540" height="501" />
    <size key="GridCell.Tab.139.center.0.0.1920.1080" width="1540" height="501" />
    <size key="GridCell.Tab.139.right.0.0.1920.1080" width="1540" height="501" />
    <size key="GridCell.Tab.139.bottom.0.0.1920.1080" width="1540" height="501" />
    <size key="GridCell.Tab.140.left.0.0.1920.1080" width="1540" height="501" />
    <size key="GridCell.Tab.140.center.0.0.1920.1080" width="1540" height="501" />
    <size key="GridCell.Tab.140.right.0.0.1920.1080" width="1540" height="501" />
    <size key="GridCell.Tab.140.bottom.0.0.1920.1080" width="1540" height="501" />
    <size key="GridCell.Tab.141.left.0.0.1920.1080" width="1540" height="501" />
    <size key="GridCell.Tab.141.center.0.0.1920.1080" width="1540" height="501" />
    <size key="GridCell.Tab.141.right.0.0.1920.1080" width="1540" height="501" />
    <size key="GridCell.Tab.141.bottom.0.0.1920.1080" width="1540" height="501" />
    <size key="GridCell.Tab.143.left.0.0.1920.1080" width="1540" height="501" />
    <size key="GridCell.Tab.143.center.0.0.1920.1080" width="1540" height="501" />
    <size key="GridCell.Tab.143.right.0.0.1920.1080" width="1540" height="501" />
    <size key="GridCell.Tab.143.bottom.0.0.1920.1080" width="1540" height="501" />
    <size key="GridCell.Tab.146.left.0.0.1920.1080" width="1540" height="482" />
    <size key="GridCell.Tab.146.center.0.0.1920.1080" width="1540" height="482" />
    <size key="GridCell.Tab.146.right.0.0.1920.1080" width="1540" height="482" />
    <size key="GridCell.Tab.146.bottom.0.0.1920.1080" width="1540" height="482" />
    <size key="GridCell.Tab.147.left.0.0.1920.1080" width="1540" height="482" />
    <size key="GridCell.Tab.147.center.0.0.1920.1080" width="1540" height="482" />
    <size key="GridCell.Tab.147.right.0.0.1920.1080" width="1540" height="482" />
    <size key="GridCell.Tab.147.bottom.0.0.1920.1080" width="1540" height="482" />
    <size key="GridCell.Tab.149.left.0.0.1920.1080" width="1540" height="482" />
    <size key="GridCell.Tab.149.center.0.0.1920.1080" width="1540" height="482" />
    <size key="GridCell.Tab.149.right.0.0.1920.1080" width="1540" height="482" />
    <size key="GridCell.Tab.149.bottom.0.0.1920.1080" width="1540" height="482" />
    <size key="GridCell.Tab.151.left.0.0.1920.1080" width="1540" height="482" />
    <size key="GridCell.Tab.151.center.0.0.1920.1080" width="1540" height="482" />
    <size key="GridCell.Tab.151.right.0.0.1920.1080" width="1540" height="482" />
    <size key="GridCell.Tab.151.bottom.0.0.1920.1080" width="1540" height="482" />
    <size key="GridCell.Tab.154.left.0.0.1920.1080" width="1540" height="482" />
    <size key="GridCell.Tab.154.center.0.0.1920.1080" width="1540" height="482" />
    <size key="GridCell.Tab.154.right.0.0.1920.1080" width="1540" height="482" />
    <size key="GridCell.Tab.154.bottom.0.0.1920.1080" width="1540" height="482" />
    <size key="GridCell.Tab.156.left.1920.0.1920.1080" width="1540" height="482" />
    <size key="GridCell.Tab.156.center.1920.0.1920.1080" width="1540" height="482" />
    <size key="GridCell.Tab.156.right.1920.0.1920.1080" width="1540" height="482" />
    <size key="GridCell.Tab.156.bottom.1920.0.1920.1080" width="1540" height="482" />
    <size key="GridCell.Tab.157.left.1920.0.1920.1080" width="1540" height="482" />
    <size key="GridCell.Tab.157.center.1920.0.1920.1080" width="1540" height="482" />
    <size key="GridCell.Tab.157.right.1920.0.1920.1080" width="1540" height="482" />
    <size key="GridCell.Tab.157.bottom.1920.0.1920.1080" width="1540" height="482" />
    <size key="GridCell.Tab.158.left.1920.0.1920.1080" width="1540" height="482" />
    <size key="GridCell.Tab.158.center.1920.0.1920.1080" width="1540" height="482" />
    <size key="GridCell.Tab.158.right.1920.0.1920.1080" width="1540" height="482" />
    <size key="GridCell.Tab.158.bottom.1920.0.1920.1080" width="1540" height="482" />
    <size key="GridCell.Tab.159.left.1920.0.1920.1080" width="1540" height="482" />
    <size key="GridCell.Tab.159.center.1920.0.1920.1080" width="1540" height="482" />
    <size key="GridCell.Tab.159.right.1920.0.1920.1080" width="1540" height="482" />
    <size key="GridCell.Tab.159.bottom.1920.0.1920.1080" width="1540" height="482" />
    <size key="GridCell.Tab.3.left.1920.0.1920.1080" width="1540" height="482" />
    <size key="GridCell.Tab.3.center.1920.0.1920.1080" width="1540" height="482" />
    <size key="GridCell.Tab.3.right.1920.0.1920.1080" width="1540" height="482" />
    <size key="GridCell.Tab.3.bottom.1920.0.1920.1080" width="1540" height="482" />
    <size key="GridCell.Tab.4.left.1920.0.1920.1080" width="1540" height="482" />
    <size key="GridCell.Tab.4.center.1920.0.1920.1080" width="1540" height="482" />
    <size key="GridCell.Tab.4.right.1920.0.1920.1080" width="1540" height="482" />
    <size key="GridCell.Tab.4.bottom.1920.0.1920.1080" width="1540" height="482" />
    <size key="GridCell.Tab.12.left.1920.0.1920.1080" width="1540" height="482" />
    <size key="GridCell.Tab.12.center.1920.0.1920.1080" width="1540" height="482" />
    <size key="GridCell.Tab.12.right.1920.0.1920.1080" width="1540" height="482" />
    <size key="GridCell.Tab.12.bottom.1920.0.1920.1080" width="1540" height="482" />
    <size key="GridCell.Tab.158.left.0.0.1920.1080" width="1540" height="482" />
    <size key="GridCell.Tab.158.center.0.0.1920.1080" width="1540" height="482" />
    <size key="GridCell.Tab.158.right.0.0.1920.1080" width="1540" height="482" />
    <size key="GridCell.Tab.158.bottom.0.0.1920.1080" width="1540" height="482" />
    <size key="GridCell.Tab.159.left.0.0.1920.1080" width="1540" height="482" />
    <size key="GridCell.Tab.159.center.0.0.1920.1080" width="1540" height="482" />
    <size key="GridCell.Tab.159.right.0.0.1920.1080" width="1540" height="482" />
    <size key="GridCell.Tab.159.bottom.0.0.1920.1080" width="1540" height="482" />
    <size key="GridCell.Tab.160.left.0.0.1920.1080" width="1540" height="482" />
    <size key="GridCell.Tab.160.center.0.0.1920.1080" width="1540" height="482" />
    <size key="GridCell.Tab.160.right.0.0.1920.1080" width="1540" height="482" />
    <size key="GridCell.Tab.160.bottom.0.0.1920.1080" width="1540" height="482" />
    <size key="GridCell.Tab.161.left.0.0.1920.1080" width="1540" height="482" />
    <size key="GridCell.Tab.161.center.0.0.1920.1080" width="1540" height="482" />
    <size key="GridCell.Tab.161.right.0.0.1920.1080" width="1540" height="482" />
    <size key="GridCell.Tab.161.bottom.0.0.1920.1080" width="1540" height="482" />
    <size key="GridCell.Tab.4.left.0.0.1920.1080" width="1540" height="331" />
    <size key="GridCell.Tab.4.center.0.0.1920.1080" width="1540" height="331" />
    <size key="GridCell.Tab.4.right.0.0.1920.1080" width="1540" height="331" />
    <size key="GridCell.Tab.4.bottom.0.0.1920.1080" width="1540" height="331" />
    <size key="GridCell.Tab.5.left.0.0.1920.1080" width="1540" height="331" />
    <size key="GridCell.Tab.5.center.0.0.1920.1080" width="1540" height="331" />
    <size key="GridCell.Tab.5.right.0.0.1920.1080" width="1540" height="331" />
    <size key="GridCell.Tab.5.bottom.0.0.1920.1080" width="1540" height="331" />
    <size key="GridCell.Tab.6.left.0.0.1920.1080" width="1540" height="331" />
    <size key="GridCell.Tab.6.center.0.0.1920.1080" width="1540" height="331" />
    <size key="GridCell.Tab.6.right.0.0.1920.1080" width="1540" height="331" />
    <size key="GridCell.Tab.6.bottom.0.0.1920.1080" width="1540" height="331" />
    <size key="GridCell.Tab.162.left.0.0.1920.1080" width="1540" height="482" />
    <size key="GridCell.Tab.162.center.0.0.1920.1080" width="1540" height="482" />
    <size key="GridCell.Tab.162.right.0.0.1920.1080" width="1540" height="482" />
    <size key="GridCell.Tab.162.bottom.0.0.1920.1080" width="1540" height="482" />
    <size key="GridCell.Tab.166.left.0.0.1920.1080" width="1540" height="482" />
    <size key="GridCell.Tab.166.center.0.0.1920.1080" width="1540" height="482" />
    <size key="GridCell.Tab.166.right.0.0.1920.1080" width="1540" height="482" />
    <size key="GridCell.Tab.166.bottom.0.0.1920.1080" width="1540" height="482" />
    <size key="GridCell.Tab.170.left.0.0.1920.1080" width="1540" height="381" />
    <size key="GridCell.Tab.170.center.0.0.1920.1080" width="1540" height="381" />
    <size key="GridCell.Tab.170.right.0.0.1920.1080" width="1540" height="381" />
    <size key="GridCell.Tab.170.bottom.0.0.1920.1080" width="1540" height="381" />
    <size key="GridCell.Tab.171.left.0.0.1920.1080" width="1540" height="381" />
    <size key="GridCell.Tab.171.center.0.0.1920.1080" width="1540" height="381" />
    <size key="GridCell.Tab.171.right.0.0.1920.1080" width="1540" height="381" />
    <size key="GridCell.Tab.171.bottom.0.0.1920.1080" width="1540" height="381" />
    <size key="GridCell.Tab.172.left.0.0.1920.1080" width="1540" height="381" />
    <size key="GridCell.Tab.172.center.0.0.1920.1080" width="1540" height="381" />
    <size key="GridCell.Tab.172.right.0.0.1920.1080" width="1540" height="381" />
    <size key="GridCell.Tab.172.bottom.0.0.1920.1080" width="1540" height="381" />
    <size key="GridCell.Tab.173.left.0.0.1920.1080" width="1540" height="381" />
    <size key="GridCell.Tab.173.center.0.0.1920.1080" width="1540" height="381" />
    <size key="GridCell.Tab.173.right.0.0.1920.1080" width="1540" height="381" />
    <size key="GridCell.Tab.173.bottom.0.0.1920.1080" width="1540" height="381" />
    <size key="GridCell.Tab.175.left.0.0.1920.1080" width="1540" height="381" />
    <size key="GridCell.Tab.175.center.0.0.1920.1080" width="1540" height="381" />
    <size key="GridCell.Tab.175.right.0.0.1920.1080" width="1540" height="381" />
    <size key="GridCell.Tab.175.bottom.0.0.1920.1080" width="1540" height="381" />
    <size key="GridCell.Tab.176.left.0.0.1920.1080" width="1540" height="381" />
    <size key="GridCell.Tab.176.center.0.0.1920.1080" width="1540" height="381" />
    <size key="GridCell.Tab.176.right.0.0.1920.1080" width="1540" height="381" />
    <size key="GridCell.Tab.176.bottom.0.0.1920.1080" width="1540" height="381" />
    <size key="GridCell.Tab.177.left.0.0.1920.1080" width="1540" height="381" />
    <size key="GridCell.Tab.177.center.0.0.1920.1080" width="1540" height="381" />
    <size key="GridCell.Tab.177.right.0.0.1920.1080" width="1540" height="381" />
    <size key="GridCell.Tab.177.bottom.0.0.1920.1080" width="1540" height="381" />
    <size key="GridCell.Tab.178.left.0.0.1920.1080" width="1540" height="381" />
    <size key="GridCell.Tab.178.center.0.0.1920.1080" width="1540" height="381" />
    <size key="GridCell.Tab.178.right.0.0.1920.1080" width="1540" height="381" />
    <size key="GridCell.Tab.178.bottom.0.0.1920.1080" width="1540" height="381" />
    <size key="GridCell.Tab.179.left.0.0.1920.1080" width="1540" height="381" />
    <size key="GridCell.Tab.179.center.0.0.1920.1080" width="1540" height="381" />
    <size key="GridCell.Tab.179.right.0.0.1920.1080" width="1540" height="381" />
    <size key="GridCell.Tab.179.bottom.0.0.1920.1080" width="1540" height="381" />
    <size key="GridCell.Tab.180.left.0.0.1920.1080" width="1540" height="381" />
    <size key="GridCell.Tab.180.center.0.0.1920.1080" width="1540" height="381" />
    <size key="GridCell.Tab.180.right.0.0.1920.1080" width="1540" height="381" />
    <size key="GridCell.Tab.180.bottom.0.0.1920.1080" width="1540" height="381" />
    <size key="GridCell.Tab.181.left.0.0.1920.1080" width="1540" height="381" />
    <size key="GridCell.Tab.181.center.0.0.1920.1080" width="1540" height="381" />
    <size key="GridCell.Tab.181.right.0.0.1920.1080" width="1540" height="381" />
    <size key="GridCell.Tab.181.bottom.0.0.1920.1080" width="1540" height="381" />
    <size key="GridCell.Tab.182.left.0.0.1920.1080" width="1540" height="381" />
    <size key="GridCell.Tab.182.center.0.0.1920.1080" width="1540" height="381" />
    <size key="GridCell.Tab.182.right.0.0.1920.1080" width="1540" height="381" />
    <size key="GridCell.Tab.182.bottom.0.0.1920.1080" width="1540" height="381" />
    <size key="GridCell.Tab.183.left.0.0.1920.1080" width="1540" height="381" />
    <size key="GridCell.Tab.183.center.0.0.1920.1080" width="1540" height="381" />
    <size key="GridCell.Tab.183.right.0.0.1920.1080" width="1540" height="381" />
    <size key="GridCell.Tab.183.bottom.0.0.1920.1080" width="1540" height="381" />
    <size key="GridCell.Tab.184.left.0.0.1920.1080" width="1540" height="381" />
    <size key="GridCell.Tab.184.center.0.0.1920.1080" width="1540" height="381" />
    <size key="GridCell.Tab.184.right.0.0.1920.1080" width="1540" height="381" />
    <size key="GridCell.Tab.184.bottom.0.0.1920.1080" width="1540" height="381" />
    <size key="GridCell.Tab.186.left.0.0.1920.1080" width="1540" height="381" />
    <size key="GridCell.Tab.186.center.0.0.1920.1080" width="1540" height="381" />
    <size key="GridCell.Tab.186.right.0.0.1920.1080" width="1540" height="381" />
    <size key="GridCell.Tab.186.bottom.0.0.1920.1080" width="1540" height="381" />
    <size key="GridCell.Tab.187.left.0.0.1920.1080" width="1540" height="381" />
    <size key="GridCell.Tab.187.center.0.0.1920.1080" width="1540" height="381" />
    <size key="GridCell.Tab.187.right.0.0.1920.1080" width="1540" height="381" />
    <size key="GridCell.Tab.187.bottom.0.0.1920.1080" width="1540" height="381" />
    <size key="GridCell.Tab.188.left.0.0.1920.1080" width="1540" height="381" />
    <size key="GridCell.Tab.188.center.0.0.1920.1080" width="1540" height="381" />
    <size key="GridCell.Tab.188.right.0.0.1920.1080" width="1540" height="381" />
    <size key="GridCell.Tab.188.bottom.0.0.1920.1080" width="1540" height="381" />
    <size key="GridCell.Tab.189.left.0.0.1920.1080" width="1540" height="381" />
    <size key="GridCell.Tab.189.center.0.0.1920.1080" width="1540" height="381" />
    <size key="GridCell.Tab.189.right.0.0.1920.1080" width="1540" height="381" />
    <size key="GridCell.Tab.189.bottom.0.0.1920.1080" width="1540" height="381" />
    <size key="GridCell.Tab.190.left.0.0.1920.1080" width="1540" height="381" />
    <size key="GridCell.Tab.190.center.0.0.1920.1080" width="1540" height="381" />
    <size key="GridCell.Tab.190.right.0.0.1920.1080" width="1540" height="381" />
    <size key="GridCell.Tab.190.bottom.0.0.1920.1080" width="1540" height="381" />
    <size key="GridCell.Tab.191.left.0.0.1920.1080" width="1540" height="381" />
    <size key="GridCell.Tab.191.center.0.0.1920.1080" width="1540" height="381" />
    <size key="GridCell.Tab.191.right.0.0.1920.1080" width="1540" height="381" />
    <size key="GridCell.Tab.191.bottom.0.0.1920.1080" width="1540" height="381" />
    <size key="GridCell.Tab.192.left.0.0.1920.1080" width="1540" height="381" />
    <size key="GridCell.Tab.192.center.0.0.1920.1080" width="1540" height="381" />
    <size key="GridCell.Tab.192.right.0.0.1920.1080" width="1540" height="381" />
    <size key="GridCell.Tab.192.bottom.0.0.1920.1080" width="1540" height="381" />
    <size key="GridCell.Tab.193.left.0.0.1920.1080" width="1540" height="381" />
    <size key="GridCell.Tab.193.center.0.0.1920.1080" width="1540" height="381" />
    <size key="GridCell.Tab.193.right.0.0.1920.1080" width="1540" height="381" />
    <size key="GridCell.Tab.193.bottom.0.0.1920.1080" width="1540" height="381" />
    <size key="GridCell.Tab.194.left.0.0.1920.1080" width="1540" height="381" />
    <size key="GridCell.Tab.194.center.0.0.1920.1080" width="1540" height="381" />
    <size key="GridCell.Tab.194.right.0.0.1920.1080" width="1540" height="381" />
    <size key="GridCell.Tab.194.bottom.0.0.1920.1080" width="1540" height="381" />
    <size key="GridCell.Tab.195.left.0.0.1920.1080" width="1540" height="381" />
    <size key="GridCell.Tab.195.center.0.0.1920.1080" width="1540" height="381" />
    <size key="GridCell.Tab.195.right.0.0.1920.1080" width="1540" height="381" />
    <size key="GridCell.Tab.195.bottom.0.0.1920.1080" width="1540" height="381" />
    <size key="GridCell.Tab.196.left.0.0.1920.1080" width="1540" height="381" />
    <size key="GridCell.Tab.196.center.0.0.1920.1080" width="1540" height="381" />
    <size key="GridCell.Tab.196.right.0.0.1920.1080" width="1540" height="381" />
    <size key="GridCell.Tab.196.bottom.0.0.1920.1080" width="1540" height="381" />
    <size key="GridCell.Tab.197.left.0.0.1920.1080" width="1540" height="381" />
    <size key="GridCell.Tab.197.center.0.0.1920.1080" width="1540" height="381" />
    <size key="GridCell.Tab.197.right.0.0.1920.1080" width="1540" height="381" />
    <size key="GridCell.Tab.197.bottom.0.0.1920.1080" width="1540" height="381" />
    <size key="GridCell.Tab.198.left.0.0.1920.1080" width="1540" height="381" />
    <size key="GridCell.Tab.198.center.0.0.1920.1080" width="1540" height="381" />
    <size key="GridCell.Tab.198.right.0.0.1920.1080" width="1540" height="381" />
    <size key="GridCell.Tab.198.bottom.0.0.1920.1080" width="1540" height="381" />
    <size key="GridCell.Tab.200.left.0.0.1920.1080" width="1540" height="381" />
    <size key="GridCell.Tab.200.center.0.0.1920.1080" width="1540" height="381" />
    <size key="GridCell.Tab.200.right.0.0.1920.1080" width="1540" height="381" />
    <size key="GridCell.Tab.200.bottom.0.0.1920.1080" width="1540" height="381" />
    <size key="GridCell.Tab.202.left.0.0.1920.1080" width="1540" height="381" />
    <size key="GridCell.Tab.202.center.0.0.1920.1080" width="1540" height="381" />
    <size key="GridCell.Tab.202.right.0.0.1920.1080" width="1540" height="381" />
    <size key="GridCell.Tab.202.bottom.0.0.1920.1080" width="1540" height="381" />
    <size key="GridCell.Tab.203.left.0.0.1920.1080" width="1540" height="381" />
    <size key="GridCell.Tab.203.center.0.0.1920.1080" width="1540" height="381" />
    <size key="GridCell.Tab.203.right.0.0.1920.1080" width="1540" height="381" />
    <size key="GridCell.Tab.203.bottom.0.0.1920.1080" width="1540" height="381" />
    <size key="GridCell.Tab.204.left.0.0.1920.1080" width="1540" height="381" />
    <size key="GridCell.Tab.204.center.0.0.1920.1080" width="1540" height="381" />
    <size key="GridCell.Tab.204.right.0.0.1920.1080" width="1540" height="381" />
    <size key="GridCell.Tab.204.bottom.0.0.1920.1080" width="1540" height="381" />
    <size key="GridCell.Tab.205.left.0.0.1920.1080" width="1540" height="381" />
    <size key="GridCell.Tab.205.center.0.0.1920.1080" width="1540" height="381" />
    <size key="GridCell.Tab.205.right.0.0.1920.1080" width="1540" height="381" />
    <size key="GridCell.Tab.205.bottom.0.0.1920.1080" width="1540" height="381" />
    <size key="GridCell.Tab.206.left.0.0.1920.1080" width="1540" height="381" />
    <size key="GridCell.Tab.206.center.0.0.1920.1080" width="1540" height="381" />
    <size key="GridCell.Tab.206.right.0.0.1920.1080" width="1540" height="381" />
    <size key="GridCell.Tab.206.bottom.0.0.1920.1080" width="1540" height="381" />
    <size key="GridCell.Tab.207.left.0.0.1920.1080" width="1540" height="381" />
    <size key="GridCell.Tab.207.center.0.0.1920.1080" width="1540" height="381" />
    <size key="GridCell.Tab.207.right.0.0.1920.1080" width="1540" height="381" />
    <size key="GridCell.Tab.207.bottom.0.0.1920.1080" width="1540" height="381" />
    <size key="GridCell.Tab.208.left.0.0.1920.1080" width="1540" height="381" />
    <size key="GridCell.Tab.208.center.0.0.1920.1080" width="1540" height="381" />
    <size key="GridCell.Tab.208.right.0.0.1920.1080" width="1540" height="381" />
    <size key="GridCell.Tab.208.bottom.0.0.1920.1080" width="1540" height="381" />
    <size key="GridCell.Tab.210.left.0.0.1920.1080" width="1540" height="381" />
    <size key="GridCell.Tab.210.center.0.0.1920.1080" width="1540" height="381" />
    <size key="GridCell.Tab.210.right.0.0.1920.1080" width="1540" height="381" />
    <size key="GridCell.Tab.210.bottom.0.0.1920.1080" width="1540" height="381" />
    <size key="GridCell.Tab.211.left.0.0.1920.1080" width="1540" height="381" />
    <size key="GridCell.Tab.211.center.0.0.1920.1080" width="1540" height="381" />
    <size key="GridCell.Tab.211.right.0.0.1920.1080" width="1540" height="381" />
    <size key="GridCell.Tab.211.bottom.0.0.1920.1080" width="1540" height="381" />
    <size key="GridCell.Tab.213.left.0.0.1920.1080" width="1540" height="381" />
    <size key="GridCell.Tab.213.center.0.0.1920.1080" width="1540" height="381" />
    <size key="GridCell.Tab.213.right.0.0.1920.1080" width="1540" height="381" />
    <size key="GridCell.Tab.213.bottom.0.0.1920.1080" width="1540" height="381" />
    <size key="GridCell.Tab.214.left.0.0.1920.1080" width="1540" height="381" />
    <size key="GridCell.Tab.214.center.0.0.1920.1080" width="1540" height="381" />
    <size key="GridCell.Tab.214.right.0.0.1920.1080" width="1540" height="381" />
    <size key="GridCell.Tab.214.bottom.0.0.1920.1080" width="1540" height="381" />
    <size key="GridCell.Tab.215.left.0.0.1920.1080" width="1540" height="381" />
    <size key="GridCell.Tab.215.center.0.0.1920.1080" width="1540" height="381" />
    <size key="GridCell.Tab.215.right.0.0.1920.1080" width="1540" height="381" />
    <size key="GridCell.Tab.215.bottom.0.0.1920.1080" width="1540" height="381" />
    <size key="GridCell.Tab.216.left.0.0.1920.1080" width="1540" height="381" />
    <size key="GridCell.Tab.216.center.0.0.1920.1080" width="1540" height="381" />
    <size key="GridCell.Tab.216.right.0.0.1920.1080" width="1540" height="381" />
    <size key="GridCell.Tab.216.bottom.0.0.1920.1080" width="1540" height="381" />
    <size key="GridCell.Tab.217.left.0.0.1920.1080" width="1540" height="381" />
    <size key="GridCell.Tab.217.center.0.0.1920.1080" width="1540" height="381" />
    <size key="GridCell.Tab.217.right.0.0.1920.1080" width="1540" height="381" />
    <size key="GridCell.Tab.217.bottom.0.0.1920.1080" width="1540" height="381" />
    <size key="GridCell.Tab.218.left.-1920.0.1920.1080" width="1540" height="381" />
    <size key="GridCell.Tab.218.center.-1920.0.1920.1080" width="1540" height="381" />
    <size key="GridCell.Tab.218.right.-1920.0.1920.1080" width="1540" height="381" />
    <size key="GridCell.Tab.218.bottom.-1920.0.1920.1080" width="1540" height="381" />
    <size key="GridCell.Tab.219.left.-1920.0.1920.1080" width="1540" height="381" />
    <size key="GridCell.Tab.219.center.-1920.0.1920.1080" width="1540" height="381" />
    <size key="GridCell.Tab.219.right.-1920.0.1920.1080" width="1540" height="381" />
    <size key="GridCell.Tab.219.bottom.-1920.0.1920.1080" width="1540" height="381" />
    <size key="GridCell.Tab.220.left.-1920.0.1920.1080" width="1540" height="381" />
    <size key="GridCell.Tab.220.center.-1920.0.1920.1080" width="1540" height="381" />
    <size key="GridCell.Tab.220.right.-1920.0.1920.1080" width="1540" height="381" />
    <size key="GridCell.Tab.220.bottom.-1920.0.1920.1080" width="1540" height="381" />
    <size key="GridCell.Tab.221.left.-1920.0.1920.1080" width="1540" height="381" />
    <size key="GridCell.Tab.221.center.-1920.0.1920.1080" width="1540" height="381" />
    <size key="GridCell.Tab.221.right.-1920.0.1920.1080" width="1540" height="381" />
    <size key="GridCell.Tab.221.bottom.-1920.0.1920.1080" width="1540" height="381" />
    <size key="GridCell.Tab.222.left.0.0.1920.1080" width="1540" height="331" />
    <size key="GridCell.Tab.222.center.0.0.1920.1080" width="1540" height="331" />
    <size key="GridCell.Tab.222.right.0.0.1920.1080" width="1540" height="331" />
    <size key="GridCell.Tab.222.bottom.0.0.1920.1080" width="1540" height="331" />
    <size key="GridCell.Tab.223.left.0.0.1920.1080" width="1540" height="331" />
    <size key="GridCell.Tab.223.center.0.0.1920.1080" width="1540" height="331" />
    <size key="GridCell.Tab.223.right.0.0.1920.1080" width="1540" height="331" />
    <size key="GridCell.Tab.223.bottom.0.0.1920.1080" width="1540" height="331" />
    <size key="GridCell.Tab.224.left.0.0.1920.1080" width="1540" height="331" />
    <size key="GridCell.Tab.224.center.0.0.1920.1080" width="1540" height="331" />
    <size key="GridCell.Tab.224.right.0.0.1920.1080" width="1540" height="331" />
    <size key="GridCell.Tab.224.bottom.0.0.1920.1080" width="1540" height="331" />
    <size key="GridCell.Tab.226.left.0.0.1920.1080" width="1540" height="331" />
    <size key="GridCell.Tab.226.center.0.0.1920.1080" width="1540" height="331" />
    <size key="GridCell.Tab.226.right.0.0.1920.1080" width="1540" height="331" />
    <size key="GridCell.Tab.226.bottom.0.0.1920.1080" width="1540" height="331" />
    <size key="GridCell.Tab.227.left.0.0.1920.1080" width="1540" height="331" />
    <size key="GridCell.Tab.227.center.0.0.1920.1080" width="1540" height="331" />
    <size key="GridCell.Tab.227.right.0.0.1920.1080" width="1540" height="331" />
    <size key="GridCell.Tab.227.bottom.0.0.1920.1080" width="1540" height="331" />
    <size key="GridCell.Tab.228.left.0.0.1920.1080" width="1540" height="331" />
    <size key="GridCell.Tab.228.center.0.0.1920.1080" width="1540" height="331" />
    <size key="GridCell.Tab.228.right.0.0.1920.1080" width="1540" height="331" />
    <size key="GridCell.Tab.228.bottom.0.0.1920.1080" width="1540" height="331" />
    <size key="GridCell.Tab.229.left.1920.0.1920.1080" width="1540" height="331" />
    <size key="GridCell.Tab.229.center.1920.0.1920.1080" width="1540" height="331" />
    <size key="GridCell.Tab.229.right.1920.0.1920.1080" width="1540" height="331" />
    <size key="GridCell.Tab.229.bottom.1920.0.1920.1080" width="1540" height="331" />
    <size key="GridCell.Tab.230.left.1920.0.1920.1080" width="1540" height="331" />
    <size key="GridCell.Tab.230.center.1920.0.1920.1080" width="1540" height="331" />
    <size key="GridCell.Tab.230.right.1920.0.1920.1080" width="1540" height="331" />
    <size key="GridCell.Tab.230.bottom.1920.0.1920.1080" width="1540" height="331" />
    <size key="GridCell.Tab.231.left.1920.0.1920.1080" width="1540" height="331" />
    <size key="GridCell.Tab.231.center.1920.0.1920.1080" width="1540" height="331" />
    <size key="GridCell.Tab.231.right.1920.0.1920.1080" width="1540" height="331" />
    <size key="GridCell.Tab.231.bottom.1920.0.1920.1080" width="1540" height="331" />
    <size key="GridCell.Tab.232.left.1920.0.1920.1080" width="1540" height="331" />
    <size key="GridCell.Tab.232.center.1920.0.1920.1080" width="1540" height="331" />
    <size key="GridCell.Tab.232.right.1920.0.1920.1080" width="1540" height="331" />
    <size key="GridCell.Tab.232.bottom.1920.0.1920.1080" width="1540" height="331" />
    <size key="GridCell.Tab.233.left.1920.0.1920.1080" width="1540" height="331" />
    <size key="GridCell.Tab.233.center.1920.0.1920.1080" width="1540" height="331" />
    <size key="GridCell.Tab.233.right.1920.0.1920.1080" width="1540" height="331" />
    <size key="GridCell.Tab.233.bottom.1920.0.1920.1080" width="1540" height="331" />
    <size key="GridCell.Tab.234.left.1920.0.1920.1080" width="1540" height="331" />
    <size key="GridCell.Tab.234.center.1920.0.1920.1080" width="1540" height="331" />
    <size key="GridCell.Tab.234.right.1920.0.1920.1080" width="1540" height="331" />
    <size key="GridCell.Tab.234.bottom.1920.0.1920.1080" width="1540" height="331" />
    <size key="GridCell.Tab.235.left.1920.0.1920.1080" width="1540" height="331" />
    <size key="GridCell.Tab.235.center.1920.0.1920.1080" width="1540" height="331" />
    <size key="GridCell.Tab.235.right.1920.0.1920.1080" width="1540" height="331" />
    <size key="GridCell.Tab.235.bottom.1920.0.1920.1080" width="1540" height="331" />
    <size key="GridCell.Tab.236.left.1920.0.1920.1080" width="1540" height="331" />
    <size key="GridCell.Tab.236.center.1920.0.1920.1080" width="1540" height="331" />
    <size key="GridCell.Tab.236.right.1920.0.1920.1080" width="1540" height="331" />
    <size key="GridCell.Tab.236.bottom.1920.0.1920.1080" width="1540" height="331" />
    <size key="GridCell.Tab.237.left.1920.0.1920.1080" width="1540" height="331" />
    <size key="GridCell.Tab.237.center.1920.0.1920.1080" width="1540" height="331" />
    <size key="GridCell.Tab.237.right.1920.0.1920.1080" width="1540" height="331" />
    <size key="GridCell.Tab.237.bottom.1920.0.1920.1080" width="1540" height="331" />
    <size key="GridCell.Tab.238.left.1920.0.1920.1080" width="1540" height="331" />
    <size key="GridCell.Tab.238.center.1920.0.1920.1080" width="1540" height="331" />
    <size key="GridCell.Tab.238.right.1920.0.1920.1080" width="1540" height="331" />
    <size key="GridCell.Tab.238.bottom.1920.0.1920.1080" width="1540" height="331" />
    <size key="GridCell.Tab.239.left.1920.0.1920.1080" width="1540" height="331" />
    <size key="GridCell.Tab.239.center.1920.0.1920.1080" width="1540" height="331" />
    <size key="GridCell.Tab.239.right.1920.0.1920.1080" width="1540" height="331" />
    <size key="GridCell.Tab.239.bottom.1920.0.1920.1080" width="1540" height="331" />
    <size key="GridCell.Tab.240.left.1920.0.1920.1080" width="1540" height="331" />
    <size key="GridCell.Tab.240.center.1920.0.1920.1080" width="1540" height="331" />
    <size key="GridCell.Tab.240.right.1920.0.1920.1080" width="1540" height="331" />
    <size key="GridCell.Tab.240.bottom.1920.0.1920.1080" width="1540" height="331" />
    <size key="GridCell.Tab.241.left.1920.0.1920.1080" width="1540" height="331" />
    <size key="GridCell.Tab.241.center.1920.0.1920.1080" width="1540" height="331" />
    <size key="GridCell.Tab.241.right.1920.0.1920.1080" width="1540" height="331" />
    <size key="GridCell.Tab.241.bottom.1920.0.1920.1080" width="1540" height="331" />
    <size key="GridCell.Tab.242.left.1920.0.1920.1080" width="1540" height="331" />
    <size key="GridCell.Tab.242.center.1920.0.1920.1080" width="1540" height="331" />
    <size key="GridCell.Tab.242.right.1920.0.1920.1080" width="1540" height="331" />
    <size key="GridCell.Tab.242.bottom.1920.0.1920.1080" width="1540" height="331" />
    <size key="GridCell.Tab.244.left.0.0.1920.1080" width="1540" height="331" />
    <size key="GridCell.Tab.244.center.0.0.1920.1080" width="1540" height="331" />
    <size key="GridCell.Tab.244.right.0.0.1920.1080" width="1540" height="331" />
    <size key="GridCell.Tab.244.bottom.0.0.1920.1080" width="1540" height="331" />
    <size key="GridCell.Tab.245.left.0.0.1920.1080" width="1540" height="331" />
    <size key="GridCell.Tab.245.center.0.0.1920.1080" width="1540" height="331" />
    <size key="GridCell.Tab.245.right.0.0.1920.1080" width="1540" height="331" />
    <size key="GridCell.Tab.245.bottom.0.0.1920.1080" width="1540" height="331" />
    <size key="GridCell.Tab.246.left.0.0.1920.1080" width="1540" height="331" />
    <size key="GridCell.Tab.246.center.0.0.1920.1080" width="1540" height="331" />
    <size key="GridCell.Tab.246.right.0.0.1920.1080" width="1540" height="331" />
    <size key="GridCell.Tab.246.bottom.0.0.1920.1080" width="1540" height="331" />
    <size key="GridCell.Tab.247.left.0.0.1920.1080" width="1540" height="331" />
    <size key="GridCell.Tab.247.center.0.0.1920.1080" width="1540" height="331" />
    <size key="GridCell.Tab.247.right.0.0.1920.1080" width="1540" height="331" />
    <size key="GridCell.Tab.247.bottom.0.0.1920.1080" width="1540" height="331" />
    <size key="GridCell.Tab.248.left.0.0.1920.1080" width="1540" height="331" />
    <size key="GridCell.Tab.248.center.0.0.1920.1080" width="1540" height="331" />
    <size key="GridCell.Tab.248.right.0.0.1920.1080" width="1540" height="331" />
    <size key="GridCell.Tab.248.bottom.0.0.1920.1080" width="1540" height="331" />
    <size key="GridCell.Tab.249.left.0.0.1920.1080" width="1540" height="331" />
    <size key="GridCell.Tab.249.center.0.0.1920.1080" width="1540" height="331" />
    <size key="GridCell.Tab.249.right.0.0.1920.1080" width="1540" height="331" />
    <size key="GridCell.Tab.249.bottom.0.0.1920.1080" width="1540" height="331" />
    <size key="GridCell.Tab.250.left.0.0.1920.1080" width="1540" height="331" />
    <size key="GridCell.Tab.250.center.0.0.1920.1080" width="1540" height="331" />
    <size key="GridCell.Tab.250.right.0.0.1920.1080" width="1540" height="331" />
    <size key="GridCell.Tab.250.bottom.0.0.1920.1080" width="1540" height="331" />
    <size key="GridCell.Tab.251.left.0.0.1920.1080" width="1540" height="331" />
    <size key="GridCell.Tab.251.center.0.0.1920.1080" width="1540" height="331" />
    <size key="GridCell.Tab.251.right.0.0.1920.1080" width="1540" height="331" />
    <size key="GridCell.Tab.251.bottom.0.0.1920.1080" width="1540" height="331" />
    <size key="GridCell.Tab.252.left.0.0.1920.1080" width="1540" height="331" />
    <size key="GridCell.Tab.252.center.0.0.1920.1080" width="1540" height="331" />
    <size key="GridCell.Tab.252.right.0.0.1920.1080" width="1540" height="331" />
    <size key="GridCell.Tab.252.bottom.0.0.1920.1080" width="1540" height="331" />
    <size key="GridCell.Tab.253.left.0.0.1920.1080" width="1540" height="331" />
    <size key="GridCell.Tab.253.center.0.0.1920.1080" width="1540" height="331" />
    <size key="GridCell.Tab.253.right.0.0.1920.1080" width="1540" height="331" />
    <size key="GridCell.Tab.253.bottom.0.0.1920.1080" width="1540" height="331" />
    <size key="GridCell.Tab.254.left.0.0.1920.1080" width="1540" height="331" />
    <size key="GridCell.Tab.254.center.0.0.1920.1080" width="1540" height="331" />
    <size key="GridCell.Tab.254.right.0.0.1920.1080" width="1540" height="331" />
    <size key="GridCell.Tab.254.bottom.0.0.1920.1080" width="1540" height="331" />
    <size key="GridCell.Tab.255.left.0.0.1920.1080" width="1540" height="331" />
    <size key="GridCell.Tab.255.center.0.0.1920.1080" width="1540" height="331" />
    <size key="GridCell.Tab.255.right.0.0.1920.1080" width="1540" height="331" />
    <size key="GridCell.Tab.255.bottom.0.0.1920.1080" width="1540" height="331" />
    <size key="GridCell.Tab.256.left.0.0.1920.1080" width="1540" height="331" />
    <size key="GridCell.Tab.256.center.0.0.1920.1080" width="1540" height="331" />
    <size key="GridCell.Tab.256.right.0.0.1920.1080" width="1540" height="331" />
    <size key="GridCell.Tab.256.bottom.0.0.1920.1080" width="1540" height="331" />
    <size key="GridCell.Tab.257.left.0.0.1920.1080" width="1540" height="331" />
    <size key="GridCell.Tab.257.center.0.0.1920.1080" width="1540" height="331" />
    <size key="GridCell.Tab.257.right.0.0.1920.1080" width="1540" height="331" />
    <size key="GridCell.Tab.257.bottom.0.0.1920.1080" width="1540" height="331" />
    <size key="GridCell.Tab.258.left.0.0.1920.1080" width="1540" height="331" />
    <size key="GridCell.Tab.258.center.0.0.1920.1080" width="1540" height="331" />
    <size key="GridCell.Tab.258.right.0.0.1920.1080" width="1540" height="331" />
    <size key="GridCell.Tab.258.bottom.0.0.1920.1080" width="1540" height="331" />
    <size key="GridCell.Tab.259.left.0.0.1920.1080" width="1540" height="331" />
    <size key="GridCell.Tab.259.center.0.0.1920.1080" width="1540" height="331" />
    <size key="GridCell.Tab.259.right.0.0.1920.1080" width="1540" height="331" />
    <size key="GridCell.Tab.259.bottom.0.0.1920.1080" width="1540" height="331" />
    <size key="GridCell.Tab.260.left.0.0.1920.1080" width="1540" height="331" />
    <size key="GridCell.Tab.260.center.0.0.1920.1080" width="1540" height="331" />
    <size key="GridCell.Tab.260.right.0.0.1920.1080" width="1540" height="331" />
    <size key="GridCell.Tab.260.bottom.0.0.1920.1080" width="1540" height="331" />
    <size key="GridCell.Tab.261.left.0.0.1920.1080" width="1540" height="331" />
    <size key="GridCell.Tab.261.center.0.0.1920.1080" width="1540" height="331" />
    <size key="GridCell.Tab.261.right.0.0.1920.1080" width="1540" height="331" />
    <size key="GridCell.Tab.261.bottom.0.0.1920.1080" width="1540" height="331" />
    <size key="GridCell.Tab.262.left.0.0.1920.1080" width="1540" height="331" />
    <size key="GridCell.Tab.262.center.0.0.1920.1080" width="1540" height="331" />
    <size key="GridCell.Tab.262.right.0.0.1920.1080" width="1540" height="331" />
    <size key="GridCell.Tab.262.bottom.0.0.1920.1080" width="1540" height="331" />
    <size key="GridCell.Tab.263.left.0.0.1920.1080" width="1540" height="331" />
    <size key="GridCell.Tab.263.center.0.0.1920.1080" width="1540" height="331" />
    <size key="GridCell.Tab.263.right.0.0.1920.1080" width="1540" height="331" />
    <size key="GridCell.Tab.263.bottom.0.0.1920.1080" width="1540" height="331" />
    <size key="GridCell.Tab.264.left.0.0.1920.1080" width="1540" height="331" />
    <size key="GridCell.Tab.264.center.0.0.1920.1080" width="1540" height="331" />
    <size key="GridCell.Tab.264.right.0.0.1920.1080" width="1540" height="331" />
    <size key="GridCell.Tab.264.bottom.0.0.1920.1080" width="1540" height="331" />
    <size key="GridCell.Tab.265.left.0.0.1920.1080" width="1540" height="331" />
    <size key="GridCell.Tab.265.center.0.0.1920.1080" width="1540" height="331" />
    <size key="GridCell.Tab.265.right.0.0.1920.1080" width="1540" height="331" />
    <size key="GridCell.Tab.265.bottom.0.0.1920.1080" width="1540" height="331" />
    <size key="GridCell.Tab.266.left.0.0.1920.1080" width="1540" height="331" />
    <size key="GridCell.Tab.266.center.0.0.1920.1080" width="1540" height="331" />
    <size key="GridCell.Tab.266.right.0.0.1920.1080" width="1540" height="331" />
    <size key="GridCell.Tab.266.bottom.0.0.1920.1080" width="1540" height="331" />
    <size key="GridCell.Tab.267.left.0.0.1920.1080" width="1540" height="331" />
    <size key="GridCell.Tab.267.center.0.0.1920.1080" width="1540" height="331" />
    <size key="GridCell.Tab.267.right.0.0.1920.1080" width="1540" height="331" />
    <size key="GridCell.Tab.267.bottom.0.0.1920.1080" width="1540" height="331" />
    <size key="GridCell.Tab.268.left.0.0.1920.1080" width="1540" height="331" />
    <size key="GridCell.Tab.268.center.0.0.1920.1080" width="1540" height="331" />
    <size key="GridCell.Tab.268.right.0.0.1920.1080" width="1540" height="331" />
    <size key="GridCell.Tab.268.bottom.0.0.1920.1080" width="1540" height="331" />
    <size key="GridCell.Tab.270.left.0.0.1920.1080" width="1540" height="331" />
    <size key="GridCell.Tab.270.center.0.0.1920.1080" width="1540" height="331" />
    <size key="GridCell.Tab.270.right.0.0.1920.1080" width="1540" height="331" />
    <size key="GridCell.Tab.270.bottom.0.0.1920.1080" width="1540" height="331" />
    <size key="GridCell.Tab.271.left.0.0.1920.1080" width="1540" height="331" />
    <size key="GridCell.Tab.271.center.0.0.1920.1080" width="1540" height="331" />
    <size key="GridCell.Tab.271.right.0.0.1920.1080" width="1540" height="331" />
    <size key="GridCell.Tab.271.bottom.0.0.1920.1080" width="1540" height="331" />
    <size key="GridCell.Tab.272.left.0.0.1920.1080" width="1540" height="331" />
    <size key="GridCell.Tab.272.center.0.0.1920.1080" width="1540" height="331" />
    <size key="GridCell.Tab.272.right.0.0.1920.1080" width="1540" height="331" />
    <size key="GridCell.Tab.272.bottom.0.0.1920.1080" width="1540" height="331" />
    <size key="GridCell.Tab.274.left.0.0.1920.1080" width="1540" height="331" />
    <size key="GridCell.Tab.274.center.0.0.1920.1080" width="1540" height="331" />
    <size key="GridCell.Tab.274.right.0.0.1920.1080" width="1540" height="331" />
    <size key="GridCell.Tab.274.bottom.0.0.1920.1080" width="1540" height="331" />
    <size key="GridCell.Tab.275.left.0.0.1920.1080" width="1540" height="331" />
    <size key="GridCell.Tab.275.center.0.0.1920.1080" width="1540" height="331" />
    <size key="GridCell.Tab.275.right.0.0.1920.1080" width="1540" height="331" />
    <size key="GridCell.Tab.275.bottom.0.0.1920.1080" width="1540" height="331" />
    <size key="GridCell.Tab.277.left.0.0.1920.1080" width="1540" height="331" />
    <size key="GridCell.Tab.277.center.0.0.1920.1080" width="1540" height="331" />
    <size key="GridCell.Tab.277.right.0.0.1920.1080" width="1540" height="331" />
    <size key="GridCell.Tab.277.bottom.0.0.1920.1080" width="1540" height="331" />
    <size key="GridCell.Tab.278.left.0.0.1920.1080" width="1540" height="331" />
    <size key="GridCell.Tab.278.center.0.0.1920.1080" width="1540" height="331" />
    <size key="GridCell.Tab.278.right.0.0.1920.1080" width="1540" height="331" />
    <size key="GridCell.Tab.278.bottom.0.0.1920.1080" width="1540" height="331" />
    <size key="GridCell.Tab.279.left.0.0.1920.1080" width="1540" height="331" />
    <size key="GridCell.Tab.279.center.0.0.1920.1080" width="1540" height="331" />
    <size key="GridCell.Tab.279.right.0.0.1920.1080" width="1540" height="331" />
    <size key="GridCell.Tab.279.bottom.0.0.1920.1080" width="1540" height="331" />
    <size key="GridCell.Tab.280.left.0.0.1920.1080" width="1540" height="383" />
    <size key="GridCell.Tab.280.center.0.0.1920.1080" width="1540" height="383" />
    <size key="GridCell.Tab.280.right.0.0.1920.1080" width="1540" height="383" />
    <size key="GridCell.Tab.280.bottom.0.0.1920.1080" width="1540" height="383" />
    <size key="GridCell.Tab.281.left.0.0.1920.1080" width="1540" height="383" />
    <size key="GridCell.Tab.281.center.0.0.1920.1080" width="1540" height="383" />
    <size key="GridCell.Tab.281.right.0.0.1920.1080" width="1540" height="383" />
    <size key="GridCell.Tab.281.bottom.0.0.1920.1080" width="1540" height="383" />
    <size key="GridCell.Tab.282.left.0.0.1920.1080" width="1540" height="383" />
    <size key="GridCell.Tab.282.center.0.0.1920.1080" width="1540" height="383" />
    <size key="GridCell.Tab.282.right.0.0.1920.1080" width="1540" height="383" />
    <size key="GridCell.Tab.282.bottom.0.0.1920.1080" width="1540" height="383" />
    <size key="GridCell.Tab.283.left.0.0.1920.1080" width="1540" height="383" />
    <size key="GridCell.Tab.283.center.0.0.1920.1080" width="1540" height="383" />
    <size key="GridCell.Tab.283.right.0.0.1920.1080" width="1540" height="383" />
    <size key="GridCell.Tab.283.bottom.0.0.1920.1080" width="1540" height="383" />
    <size key="GridCell.Tab.284.left.0.0.1920.1080" width="1540" height="383" />
    <size key="GridCell.Tab.284.center.0.0.1920.1080" width="1540" height="383" />
    <size key="GridCell.Tab.284.right.0.0.1920.1080" width="1540" height="383" />
    <size key="GridCell.Tab.284.bottom.0.0.1920.1080" width="1540" height="383" />
    <size key="GridCell.Tab.285.left.0.0.1920.1080" width="1540" height="383" />
    <size key="GridCell.Tab.285.center.0.0.1920.1080" width="1540" height="383" />
    <size key="GridCell.Tab.285.right.0.0.1920.1080" width="1540" height="383" />
    <size key="GridCell.Tab.285.bottom.0.0.1920.1080" width="1540" height="383" />
    <size key="GridCell.Tab.286.left.0.0.1920.1080" width="1540" height="383" />
    <size key="GridCell.Tab.286.center.0.0.1920.1080" width="1540" height="383" />
    <size key="GridCell.Tab.286.right.0.0.1920.1080" width="1540" height="383" />
    <size key="GridCell.Tab.286.bottom.0.0.1920.1080" width="1540" height="383" />
    <size key="GridCell.Tab.287.left.0.0.1920.1080" width="1540" height="383" />
    <size key="GridCell.Tab.287.center.0.0.1920.1080" width="1540" height="383" />
    <size key="GridCell.Tab.287.right.0.0.1920.1080" width="1540" height="383" />
    <size key="GridCell.Tab.287.bottom.0.0.1920.1080" width="1540" height="383" />
    <size key="GridCell.Tab.289.left.0.0.1920.1080" width="1540" height="383" />
    <size key="GridCell.Tab.289.center.0.0.1920.1080" width="1540" height="383" />
    <size key="GridCell.Tab.289.right.0.0.1920.1080" width="1540" height="383" />
    <size key="GridCell.Tab.289.bottom.0.0.1920.1080" width="1540" height="383" />
    <size key="GridCell.Tab.290.left.0.0.1920.1080" width="1540" height="383" />
    <size key="GridCell.Tab.290.center.0.0.1920.1080" width="1540" height="383" />
    <size key="GridCell.Tab.290.right.0.0.1920.1080" width="1540" height="383" />
    <size key="GridCell.Tab.290.bottom.0.0.1920.1080" width="1540" height="383" />
    <size key="GridCell.Tab.291.left.0.0.1920.1080" width="1540" height="383" />
    <size key="GridCell.Tab.291.center.0.0.1920.1080" width="1540" height="383" />
    <size key="GridCell.Tab.291.right.0.0.1920.1080" width="1540" height="383" />
    <size key="GridCell.Tab.291.bottom.0.0.1920.1080" width="1540" height="383" />
    <size key="GridCell.Tab.293.left.0.0.1920.1080" width="1540" height="383" />
    <size key="GridCell.Tab.293.center.0.0.1920.1080" width="1540" height="383" />
    <size key="GridCell.Tab.293.right.0.0.1920.1080" width="1540" height="383" />
    <size key="GridCell.Tab.293.bottom.0.0.1920.1080" width="1540" height="383" />
    <size key="GridCell.Tab.294.left.0.0.1920.1080" width="1540" height="383" />
    <size key="GridCell.Tab.294.center.0.0.1920.1080" width="1540" height="383" />
    <size key="GridCell.Tab.294.right.0.0.1920.1080" width="1540" height="383" />
    <size key="GridCell.Tab.294.bottom.0.0.1920.1080" width="1540" height="383" />
    <size key="GridCell.Tab.295.left.0.0.1920.1080" width="1540" height="383" />
    <size key="GridCell.Tab.295.center.0.0.1920.1080" width="1540" height="383" />
    <size key="GridCell.Tab.295.right.0.0.1920.1080" width="1540" height="383" />
    <size key="GridCell.Tab.295.bottom.0.0.1920.1080" width="1540" height="383" />
    <size key="GridCell.Tab.296.left.0.0.1920.1080" width="1540" height="383" />
    <size key="GridCell.Tab.296.center.0.0.1920.1080" width="1540" height="383" />
    <size key="GridCell.Tab.296.right.0.0.1920.1080" width="1540" height="383" />
    <size key="GridCell.Tab.296.bottom.0.0.1920.1080" width="1540" height="383" />
    <size key="GridCell.Tab.297.left.0.0.1920.1080" width="1540" height="383" />
    <size key="GridCell.Tab.297.center.0.0.1920.1080" width="1540" height="383" />
    <size key="GridCell.Tab.297.right.0.0.1920.1080" width="1540" height="383" />
    <size key="GridCell.Tab.297.bottom.0.0.1920.1080" width="1540" height="383" />
    <size key="GridCell.Tab.298.left.0.0.1920.1080" width="1540" height="383" />
    <size key="GridCell.Tab.298.center.0.0.1920.1080" width="1540" height="383" />
    <size key="GridCell.Tab.298.right.0.0.1920.1080" width="1540" height="383" />
    <size key="GridCell.Tab.298.bottom.0.0.1920.1080" width="1540" height="383" />
    <size key="GridCell.Tab.299.left.0.0.1920.1080" width="1540" height="383" />
    <size key="GridCell.Tab.299.center.0.0.1920.1080" width="1540" height="383" />
    <size key="GridCell.Tab.299.right.0.0.1920.1080" width="1540" height="383" />
    <size key="GridCell.Tab.299.bottom.0.0.1920.1080" width="1540" height="383" />
    <size key="GridCell.Tab.300.left.0.0.1920.1080" width="1540" height="383" />
    <size key="GridCell.Tab.300.center.0.0.1920.1080" width="1540" height="383" />
    <size key="GridCell.Tab.300.right.0.0.1920.1080" width="1540" height="383" />
    <size key="GridCell.Tab.300.bottom.0.0.1920.1080" width="1540" height="383" />
    <size key="GridCell.Tab.301.left.0.0.1920.1080" width="1540" height="383" />
    <size key="GridCell.Tab.301.center.0.0.1920.1080" width="1540" height="383" />
    <size key="GridCell.Tab.301.right.0.0.1920.1080" width="1540" height="383" />
    <size key="GridCell.Tab.301.bottom.0.0.1920.1080" width="1540" height="383" />
    <size key="GridCell.Tab.302.left.0.0.1920.1080" width="1540" height="383" />
    <size key="GridCell.Tab.302.center.0.0.1920.1080" width="1540" height="383" />
    <size key="GridCell.Tab.302.right.0.0.1920.1080" width="1540" height="383" />
    <size key="GridCell.Tab.302.bottom.0.0.1920.1080" width="1540" height="383" />
    <size key="GridCell.Tab.303.left.0.0.1920.1080" width="1540" height="383" />
    <size key="GridCell.Tab.303.center.0.0.1920.1080" width="1540" height="383" />
    <size key="GridCell.Tab.303.right.0.0.1920.1080" width="1540" height="383" />
    <size key="GridCell.Tab.303.bottom.0.0.1920.1080" width="1540" height="383" />
    <size key="GridCell.Tab.304.left.0.0.1920.1080" width="1540" height="383" />
    <size key="GridCell.Tab.304.center.0.0.1920.1080" width="1540" height="383" />
    <size key="GridCell.Tab.304.right.0.0.1920.1080" width="1540" height="383" />
    <size key="GridCell.Tab.304.bottom.0.0.1920.1080" width="1540" height="383" />
    <size key="GridCell.Tab.306.left.0.0.1920.1080" width="1540" height="383" />
    <size key="GridCell.Tab.306.center.0.0.1920.1080" width="1540" height="383" />
    <size key="GridCell.Tab.306.right.0.0.1920.1080" width="1540" height="383" />
    <size key="GridCell.Tab.306.bottom.0.0.1920.1080" width="1540" height="383" />
    <size key="GridCell.Tab.307.left.0.0.1920.1080" width="1540" height="383" />
    <size key="GridCell.Tab.307.center.0.0.1920.1080" width="1540" height="383" />
    <size key="GridCell.Tab.307.right.0.0.1920.1080" width="1540" height="383" />
    <size key="GridCell.Tab.307.bottom.0.0.1920.1080" width="1540" height="383" />
    <size key="GridCell.Tab.308.left.0.0.1920.1080" width="1540" height="383" />
    <size key="GridCell.Tab.308.center.0.0.1920.1080" width="1540" height="383" />
    <size key="GridCell.Tab.308.right.0.0.1920.1080" width="1540" height="383" />
    <size key="GridCell.Tab.308.bottom.0.0.1920.1080" width="1540" height="383" />
    <size key="GridCell.Tab.309.left.0.0.1920.1080" width="1540" height="383" />
    <size key="GridCell.Tab.309.center.0.0.1920.1080" width="1540" height="383" />
    <size key="GridCell.Tab.309.right.0.0.1920.1080" width="1540" height="383" />
    <size key="GridCell.Tab.309.bottom.0.0.1920.1080" width="1540" height="383" />
    <size key="GridCell.Tab.310.left.0.0.1920.1080" width="1540" height="383" />
    <size key="GridCell.Tab.310.center.0.0.1920.1080" width="1540" height="383" />
    <size key="GridCell.Tab.310.right.0.0.1920.1080" width="1540" height="383" />
    <size key="GridCell.Tab.310.bottom.0.0.1920.1080" width="1540" height="383" />
    <size key="GridCell.Tab.312.left.0.0.1920.1080" width="1540" height="320" />
    <size key="GridCell.Tab.312.center.0.0.1920.1080" width="1540" height="320" />
    <size key="GridCell.Tab.312.right.0.0.1920.1080" width="1540" height="320" />
    <size key="GridCell.Tab.312.bottom.0.0.1920.1080" width="1540" height="320" />
    <size key="GridCell.Tab.313.left.0.0.1920.1080" width="1540" height="320" />
    <size key="GridCell.Tab.313.center.0.0.1920.1080" width="1540" height="320" />
    <size key="GridCell.Tab.313.right.0.0.1920.1080" width="1540" height="320" />
    <size key="GridCell.Tab.313.bottom.0.0.1920.1080" width="1540" height="320" />
    <size key="GridCell.Tab.314.left.0.0.1920.1080" width="1540" height="286" />
    <size key="GridCell.Tab.314.center.0.0.1920.1080" width="1540" height="286" />
    <size key="GridCell.Tab.314.right.0.0.1920.1080" width="1540" height="286" />
    <size key="GridCell.Tab.314.bottom.0.0.1920.1080" width="1540" height="286" />
    <size key="GridCell.Tab.315.left.0.0.1920.1080" width="1540" height="286" />
    <size key="GridCell.Tab.315.center.0.0.1920.1080" width="1540" height="286" />
    <size key="GridCell.Tab.315.right.0.0.1920.1080" width="1540" height="286" />
    <size key="GridCell.Tab.315.bottom.0.0.1920.1080" width="1540" height="286" />
    <size key="GridCell.Tab.316.left.0.0.1920.1080" width="1540" height="286" />
    <size key="GridCell.Tab.316.center.0.0.1920.1080" width="1540" height="286" />
    <size key="GridCell.Tab.316.right.0.0.1920.1080" width="1540" height="286" />
    <size key="GridCell.Tab.316.bottom.0.0.1920.1080" width="1540" height="286" />
    <size key="GridCell.Tab.317.left.0.0.1920.1080" width="1540" height="286" />
    <size key="GridCell.Tab.317.center.0.0.1920.1080" width="1540" height="286" />
    <size key="GridCell.Tab.317.right.0.0.1920.1080" width="1540" height="286" />
    <size key="GridCell.Tab.317.bottom.0.0.1920.1080" width="1540" height="286" />
    <size key="GridCell.Tab.318.left.0.0.1920.1080" width="1540" height="286" />
    <size key="GridCell.Tab.318.center.0.0.1920.1080" width="1540" height="286" />
    <size key="GridCell.Tab.318.right.0.0.1920.1080" width="1540" height="286" />
    <size key="GridCell.Tab.318.bottom.0.0.1920.1080" width="1540" height="286" />
    <size key="GridCell.Tab.319.left.0.0.1920.1080" width="1540" height="286" />
    <size key="GridCell.Tab.319.center.0.0.1920.1080" width="1540" height="286" />
    <size key="GridCell.Tab.319.right.0.0.1920.1080" width="1540" height="286" />
    <size key="GridCell.Tab.319.bottom.0.0.1920.1080" width="1540" height="286" />
    <size key="GridCell.Tab.320.left.0.0.1920.1080" width="1540" height="286" />
    <size key="GridCell.Tab.320.center.0.0.1920.1080" width="1540" height="286" />
    <size key="GridCell.Tab.320.right.0.0.1920.1080" width="1540" height="286" />
    <size key="GridCell.Tab.320.bottom.0.0.1920.1080" width="1540" height="286" />
    <size key="GridCell.Tab.321.left.0.0.1920.1080" width="1540" height="286" />
    <size key="GridCell.Tab.321.center.0.0.1920.1080" width="1540" height="286" />
    <size key="GridCell.Tab.321.right.0.0.1920.1080" width="1540" height="286" />
    <size key="GridCell.Tab.321.bottom.0.0.1920.1080" width="1540" height="286" />
    <size key="GridCell.Tab.322.left.0.0.1920.1080" width="1540" height="286" />
    <size key="GridCell.Tab.322.center.0.0.1920.1080" width="1540" height="286" />
    <size key="GridCell.Tab.322.right.0.0.1920.1080" width="1540" height="286" />
    <size key="GridCell.Tab.322.bottom.0.0.1920.1080" width="1540" height="286" />
    <size key="GridCell.Tab.323.left.0.0.1920.1080" width="1540" height="286" />
    <size key="GridCell.Tab.323.center.0.0.1920.1080" width="1540" height="286" />
    <size key="GridCell.Tab.323.right.0.0.1920.1080" width="1540" height="286" />
    <size key="GridCell.Tab.323.bottom.0.0.1920.1080" width="1540" height="286" />
    <size key="GridCell.Tab.324.left.0.0.1920.1080" width="1540" height="286" />
    <size key="GridCell.Tab.324.center.0.0.1920.1080" width="1540" height="286" />
    <size key="GridCell.Tab.324.right.0.0.1920.1080" width="1540" height="286" />
    <size key="GridCell.Tab.324.bottom.0.0.1920.1080" width="1540" height="286" />
    <size key="GridCell.Tab.325.left.0.0.1920.1080" width="1540" height="551" />
    <size key="GridCell.Tab.325.center.0.0.1920.1080" width="1540" height="551" />
    <size key="GridCell.Tab.325.right.0.0.1920.1080" width="1540" height="551" />
    <size key="GridCell.Tab.325.bottom.0.0.1920.1080" width="1540" height="551" />
    <size key="GridCell.Tab.326.left.0.0.1920.1080" width="1540" height="551" />
    <size key="GridCell.Tab.326.center.0.0.1920.1080" width="1540" height="551" />
    <size key="GridCell.Tab.326.right.0.0.1920.1080" width="1540" height="551" />
    <size key="GridCell.Tab.326.bottom.0.0.1920.1080" width="1540" height="551" />
    <size key="GridCell.Tab.327.left.0.0.1920.1080" width="1540" height="551" />
    <size key="GridCell.Tab.327.center.0.0.1920.1080" width="1540" height="551" />
    <size key="GridCell.Tab.327.right.0.0.1920.1080" width="1540" height="551" />
    <size key="GridCell.Tab.327.bottom.0.0.1920.1080" width="1540" height="551" />
    <size key="GridCell.Tab.328.left.0.0.1920.1080" width="1540" height="551" />
    <size key="GridCell.Tab.328.center.0.0.1920.1080" width="1540" height="551" />
    <size key="GridCell.Tab.328.right.0.0.1920.1080" width="1540" height="551" />
    <size key="GridCell.Tab.328.bottom.0.0.1920.1080" width="1540" height="551" />
  </component>
  <component name="SingleStripeButtonsState">
    <id>Database</id>
    <id>Project</id>
    <id>Services</id>
  </component>
  <component name="ToolWindowLayout">{
  &quot;v1&quot;: [
    {
      &quot;id&quot;: &quot;Database&quot;,
      &quot;order&quot;: 0,
      &quot;contentUiType&quot;: &quot;COMBO&quot;,
      &quot;weight&quot;: 0.25
    },
    {
      &quot;id&quot;: &quot;Version Control&quot;,
      &quot;order&quot;: 0,
      &quot;anchor&quot;: &quot;BOTTOM&quot;
    },
    {
      &quot;id&quot;: &quot;Find&quot;,
      &quot;order&quot;: 1,
      &quot;anchor&quot;: &quot;BOTTOM&quot;
    },
    {
      &quot;id&quot;: &quot;Run&quot;,
      &quot;order&quot;: 2,
      &quot;anchor&quot;: &quot;BOTTOM&quot;
    },
    {
      &quot;id&quot;: &quot;Inspection&quot;,
      &quot;order&quot;: 3,
      &quot;anchor&quot;: &quot;BOTTOM&quot;,
      &quot;weight&quot;: 0.4
    },
    {
      &quot;id&quot;: &quot;Project&quot;,
      &quot;order&quot;: 0,
      &quot;anchor&quot;: &quot;RIGHT&quot;,
      &quot;contentUiType&quot;: &quot;COMBO&quot;,
      &quot;weight&quot;: 0.25
    },
    {
      &quot;id&quot;: &quot;Structure&quot;,
      &quot;order&quot;: 1,
      &quot;anchor&quot;: &quot;RIGHT&quot;,
      &quot;weight&quot;: 0.25,
      &quot;isSplit&quot;: true
    }
  ]
}</component>
  <component name="WindowManager">
    <frame x="-8" y="-8" width="160" height="28" extendedState="6" />
  </component>
</application>